<?xml version = '1.0' encoding = 'UTF-8'?>
<Diagram class="oracle.dbtools.crest.swingui.relational.DPVRelational" name="Relational_1" id="B0F42FB3-5CB6-50AC-FB00-AC4D36D10D38">
<createdBy>Raveen Pieris</createdBy>
<modifiedBy>Raveen Pieris</modifiedBy>
<createdTime>2025-09-10 01:35:34 UTC</createdTime>
<autoRoute>false</autoRoute>
<boxInbox>true</boxInbox>
<showLegend>false</showLegend>
<showLabels>false</showLabels>
<showRelAttributes>false</showRelAttributes>
<gridEnabled>false</gridEnabled>
<showGrid>false</showGrid>
<diagramColor>-1</diagramColor>
<display>false</display>
<notation>1</notation>
<objectViews>
<OView class="oracle.dbtools.crest.swingui.relational.TVTable" oid="20FBDF47-37E1-9A0B-07AD-D09D89BE5FDA" otype="Table" vid="F1B7D443-8072-FA4D-1F46-BB379C8A2C86">
<hideElementsInCurrentOnly>false</hideElementsInCurrentOnly>
<bounds x="527" y="959" width="246" height="148"/>
</OView>
<OView class="oracle.dbtools.crest.swingui.relational.TVTable" oid="34B519FB-6911-35B1-5EB6-F31457A6DECF" otype="Table" vid="D4816365-0988-D31A-56F5-0C12668400CA">
<hideElementsInCurrentOnly>false</hideElementsInCurrentOnly>
<bounds x="46" y="642" width="230" height="117"/>
</OView>
<OView class="oracle.dbtools.crest.swingui.relational.TVTable" oid="4F49DABF-AC51-7854-7952-12C35A9420D4" otype="Table" vid="A620310B-EB51-E7B3-8E69-DAB1DF629EE2">
<hideElementsInCurrentOnly>false</hideElementsInCurrentOnly>
<bounds x="747" y="776" width="205" height="110"/>
</OView>
<OView class="oracle.dbtools.crest.swingui.relational.TVTable" oid="58A4CC02-1405-9646-36CA-7E2FD1A549F4" otype="Table" vid="5A70E917-BAAF-CA49-D32B-BAC1099EC104">
<hideElementsInCurrentOnly>false</hideElementsInCurrentOnly>
<bounds x="411" y="716" width="272" height="195"/>
</OView>
<OView class="oracle.dbtools.crest.swingui.relational.TVTable" oid="622149A9-70BA-BAA5-00F3-3B22D0FDF588" otype="Table" vid="AAA1A1EC-0BAC-44B1-0215-144A34B039EE">
<hideElementsInCurrentOnly>false</hideElementsInCurrentOnly>
<bounds x="1062" y="699" width="262" height="110"/>
</OView>
<OView class="oracle.dbtools.crest.swingui.relational.TVTable" oid="89FE2729-9AF7-15F2-73C8-61A0D2624C91" otype="Table" vid="480C17D6-8A5B-0CAD-DA0F-0AA15EC78CAB">
<hideElementsInCurrentOnly>false</hideElementsInCurrentOnly>
<bounds x="1016" y="559" width="168" height="85"/>
</OView>
<OView class="oracle.dbtools.crest.swingui.relational.TVTable" oid="B7408FB6-B443-B242-3E24-41183651B894" otype="Table" vid="4C334F8E-04D0-F704-1301-EADE573C2E70">
<hideElementsInCurrentOnly>false</hideElementsInCurrentOnly>
<bounds x="357" y="224" width="329" height="225"/>
</OView>
<OView class="oracle.dbtools.crest.swingui.relational.TVTable" oid="BED2FCF4-617C-E694-D8CC-DC2E3DDA6CAA" otype="Table" vid="11CAF287-0847-6692-A82D-268479DF5937">
<hideElementsInCurrentOnly>false</hideElementsInCurrentOnly>
<bounds x="69" y="292" width="176" height="96"/>
</OView>
<OView class="oracle.dbtools.crest.swingui.relational.TVTable" oid="CAC81C97-AC1A-4671-090F-78CC6F0F7BE9" otype="Table" vid="82B51A4E-D4AC-9393-C2CB-959FDD202C80">
<hideElementsInCurrentOnly>false</hideElementsInCurrentOnly>
<bounds x="33" y="874" width="258" height="131"/>
</OView>
<OView class="oracle.dbtools.crest.swingui.relational.TVTable" oid="D098AA78-3744-D795-A63E-C24D6BADA940" otype="Table" vid="FA779F90-51BC-7954-2CD3-6CDE1240E0FE">
<hideElementsInCurrentOnly>false</hideElementsInCurrentOnly>
<bounds x="670" y="524" width="198" height="163"/>
</OView>
<OView class="oracle.dbtools.crest.swingui.relational.TVTable" oid="F00D287D-6F06-00DE-91C9-265975088C48" otype="Table" vid="76ED9A0B-ABFB-BD74-1959-BD2BED97791D">
<hideElementsInCurrentOnly>false</hideElementsInCurrentOnly>
<bounds x="401" y="558" width="170" height="110"/>
</OView>
<OView class="oracle.dbtools.crest.swingui.relational.TVTable" oid="F5D7E972-13D7-775F-7621-683FA5E57F84" otype="Table" vid="3C77C0A8-0788-802F-3E89-F2CE2B82077C">
<hideElementsInCurrentOnly>false</hideElementsInCurrentOnly>
<bounds x="866" y="238" width="303" height="220"/>
</OView>
<OView class="oracle.dbtools.crest.swingui.relational.TVTable" oid="F946A99F-50E4-F17E-03F3-5C0CE984D9AC" otype="Table" vid="14B6C05F-6791-95C8-938A-DDD706B19878">
<hideElementsInCurrentOnly>false</hideElementsInCurrentOnly>
<bounds x="1234" y="273" width="205" height="138"/>
</OView>
</objectViews>
<connectors>
<Connector class="oracle.dbtools.crest.swingui.relational.TVFKRelation" oid="3D1D4584-01AC-4F37-8DEA-F17AA23C6473" otype="FKIndexAssociation" vid_source="5A70E917-BAAF-CA49-D32B-BAC1099EC104" vid_target="A620310B-EB51-E7B3-8E69-DAB1DF629EE2">
<hideElementsInCurrentOnly>false</hideElementsInCurrentOnly>
<backgroundColor>-16777216</backgroundColor>
<lineWidth>1</lineWidth>
<points>
<point x="683" y="831"/>
<point x="747" y="831"/>
</points>
</Connector>
<Connector class="oracle.dbtools.crest.swingui.relational.TVFKRelation" oid="3DB69BF1-D5BA-4E65-79BF-027F5638B85B" otype="FKIndexAssociation" vid_source="FA779F90-51BC-7954-2CD3-6CDE1240E0FE" vid_target="76ED9A0B-ABFB-BD74-1959-BD2BED97791D">
<hideElementsInCurrentOnly>false</hideElementsInCurrentOnly>
<backgroundColor>-16777216</backgroundColor>
<lineWidth>1</lineWidth>
<points>
<point x="670" y="613"/>
<point x="571" y="613"/>
</points>
</Connector>
<Connector class="oracle.dbtools.crest.swingui.relational.TVFKRelation" oid="42139336-1FD6-C11C-5284-A335D321E4F1" otype="FKIndexAssociation" vid_source="4C334F8E-04D0-F704-1301-EADE573C2E70" vid_target="FA779F90-51BC-7954-2CD3-6CDE1240E0FE">
<hideElementsInCurrentOnly>false</hideElementsInCurrentOnly>
<backgroundColor>-16777216</backgroundColor>
<lineWidth>1</lineWidth>
<points>
<point x="678" y="449"/>
<point x="678" y="524"/>
</points>
</Connector>
<Connector class="oracle.dbtools.crest.swingui.relational.TVFKRelation" oid="48A1E50F-608C-0405-F1BF-C7684BAB49A4" otype="FKIndexAssociation" vid_source="11CAF287-0847-6692-A82D-268479DF5937" vid_target="4C334F8E-04D0-F704-1301-EADE573C2E70">
<hideElementsInCurrentOnly>false</hideElementsInCurrentOnly>
<backgroundColor>-16777216</backgroundColor>
<lineWidth>1</lineWidth>
<points>
<point x="245" y="340"/>
<point x="357" y="340"/>
</points>
</Connector>
<Connector class="oracle.dbtools.crest.swingui.relational.TVFKRelation" oid="51A77AD8-9C7C-A7F6-B9FA-55A50978ED56" otype="FKIndexAssociation" vid_source="A620310B-EB51-E7B3-8E69-DAB1DF629EE2" vid_target="AAA1A1EC-0BAC-44B1-0215-144A34B039EE">
<hideElementsInCurrentOnly>false</hideElementsInCurrentOnly>
<backgroundColor>-16777216</backgroundColor>
<lineWidth>1</lineWidth>
<points>
<point x="952" y="792"/>
<point x="1062" y="792"/>
</points>
</Connector>
<Connector class="oracle.dbtools.crest.swingui.relational.TVFKRelation" oid="581BD9D3-3DAE-5558-213D-839129C805EE" otype="FKIndexAssociation" vid_source="4C334F8E-04D0-F704-1301-EADE573C2E70" vid_target="3C77C0A8-0788-802F-3E89-F2CE2B82077C">
<hideElementsInCurrentOnly>false</hideElementsInCurrentOnly>
<backgroundColor>-16777216</backgroundColor>
<lineWidth>1</lineWidth>
<points>
<point x="686" y="394"/>
<point x="866" y="395"/>
</points>
</Connector>
<Connector class="oracle.dbtools.crest.swingui.relational.TVFKRelation" oid="76B27C74-FC51-5FAA-92CC-DB18E06C171D" otype="FKIndexAssociation" vid_source="F1B7D443-8072-FA4D-1F46-BB379C8A2C86" vid_target="A620310B-EB51-E7B3-8E69-DAB1DF629EE2">
<hideElementsInCurrentOnly>false</hideElementsInCurrentOnly>
<backgroundColor>-16777216</backgroundColor>
<lineWidth>1</lineWidth>
<points>
<point x="760" y="959"/>
<point x="760" y="886"/>
</points>
</Connector>
<Connector class="oracle.dbtools.crest.swingui.relational.TVFKRelation" oid="85A64BCC-A898-554B-2D91-6E86F19FFEC3" otype="FKIndexAssociation" vid_source="A620310B-EB51-E7B3-8E69-DAB1DF629EE2" vid_target="FA779F90-51BC-7954-2CD3-6CDE1240E0FE">
<hideElementsInCurrentOnly>false</hideElementsInCurrentOnly>
<backgroundColor>-16777216</backgroundColor>
<lineWidth>1</lineWidth>
<points>
<point x="807" y="776"/>
<point x="807" y="687"/>
</points>
</Connector>
<Connector class="oracle.dbtools.crest.swingui.relational.TVFKRelation" oid="893DCFE3-26CD-968C-DFB6-3A636C002738" otype="FKIndexAssociation" vid_source="480C17D6-8A5B-0CAD-DA0F-0AA15EC78CAB" vid_target="AAA1A1EC-0BAC-44B1-0215-144A34B039EE">
<hideElementsInCurrentOnly>false</hideElementsInCurrentOnly>
<backgroundColor>-16777216</backgroundColor>
<lineWidth>1</lineWidth>
<points>
<point x="1123" y="644"/>
<point x="1123" y="699"/>
</points>
</Connector>
<Connector class="oracle.dbtools.crest.swingui.relational.TVFKRelation" oid="A68E8330-B3AB-D449-A6F2-77994F482C2C" otype="FKIndexAssociation" vid_source="4C334F8E-04D0-F704-1301-EADE573C2E70" vid_target="4C334F8E-04D0-F704-1301-EADE573C2E70">
<hideElementsInCurrentOnly>false</hideElementsInCurrentOnly>
<backgroundColor>-16777216</backgroundColor>
<lineWidth>1</lineWidth>
<points>
<point x="663" y="224"/>
<point x="663" y="126"/>
<point x="772" y="126"/>
<point x="772" y="341"/>
<point x="686" y="341"/>
</points>
</Connector>
<Connector class="oracle.dbtools.crest.swingui.relational.TVFKRelation" oid="AEE9D703-E503-AD4F-740F-2EAA36E3BFE7" otype="FKIndexAssociation" vid_source="D4816365-0988-D31A-56F5-0C12668400CA" vid_target="5A70E917-BAAF-CA49-D32B-BAC1099EC104">
<hideElementsInCurrentOnly>false</hideElementsInCurrentOnly>
<backgroundColor>-16777216</backgroundColor>
<lineWidth>1</lineWidth>
<points>
<point x="276" y="722"/>
<point x="411" y="722"/>
</points>
</Connector>
<Connector class="oracle.dbtools.crest.swingui.relational.TVFKRelation" oid="C47A1F0E-2265-5943-48D9-08D24CB06F97" otype="FKIndexAssociation" vid_source="82B51A4E-D4AC-9393-C2CB-959FDD202C80" vid_target="F1B7D443-8072-FA4D-1F46-BB379C8A2C86">
<hideElementsInCurrentOnly>false</hideElementsInCurrentOnly>
<backgroundColor>-16777216</backgroundColor>
<lineWidth>1</lineWidth>
<points>
<point x="291" y="982"/>
<point x="527" y="982"/>
</points>
</Connector>
<Connector class="oracle.dbtools.crest.swingui.relational.TVFKRelation" oid="EA577957-415B-64E3-2EF5-EC02F248969C" otype="FKIndexAssociation" vid_source="14B6C05F-6791-95C8-938A-DDD706B19878" vid_target="3C77C0A8-0788-802F-3E89-F2CE2B82077C">
<hideElementsInCurrentOnly>false</hideElementsInCurrentOnly>
<backgroundColor>-16777216</backgroundColor>
<lineWidth>1</lineWidth>
<points>
<point x="1234" y="342"/>
<point x="1169" y="342"/>
</points>
</Connector>
<Connector class="oracle.dbtools.crest.swingui.relational.TVFKRelation" oid="EE7CB646-3C2B-B1BA-527D-0EA2C6F4931F" otype="FKIndexAssociation" vid_source="4C334F8E-04D0-F704-1301-EADE573C2E70" vid_target="76ED9A0B-ABFB-BD74-1959-BD2BED97791D">
<hideElementsInCurrentOnly>false</hideElementsInCurrentOnly>
<backgroundColor>-16777216</backgroundColor>
<lineWidth>1</lineWidth>
<points>
<point x="501" y="449"/>
<point x="501" y="558"/>
</points>
</Connector>
<Connector class="oracle.dbtools.crest.swingui.relational.TVFKRelation" oid="FCDE443C-D303-7E84-33A5-FB545CE46509" otype="FKIndexAssociation" vid_source="3C77C0A8-0788-802F-3E89-F2CE2B82077C" vid_target="FA779F90-51BC-7954-2CD3-6CDE1240E0FE">
<hideElementsInCurrentOnly>false</hideElementsInCurrentOnly>
<backgroundColor>-16777216</backgroundColor>
<lineWidth>1</lineWidth>
<points>
<point x="867" y="458"/>
<point x="867" y="524"/>
</points>
</Connector>
<Connector class="oracle.dbtools.crest.swingui.relational.TVFKRelation" oid="FE632768-9F24-A1F6-614C-BE3082E94965" otype="FKIndexAssociation" vid_source="480C17D6-8A5B-0CAD-DA0F-0AA15EC78CAB" vid_target="3C77C0A8-0788-802F-3E89-F2CE2B82077C">
<hideElementsInCurrentOnly>false</hideElementsInCurrentOnly>
<backgroundColor>-16777216</backgroundColor>
<lineWidth>1</lineWidth>
<points>
<point x="1092" y="559"/>
<point x="1092" y="458"/>
</points>
</Connector>
</connectors>
</Diagram>
