<?xml version = '1.0' encoding = 'UTF-8'?>
<Relation class="oracle.dbtools.crest.model.design.logical.Relation" name="TRUCK_COMBINATION" directorySegmentName="seg_0" id="0154FCCB-88D6-427A-21DC-723FF27EDC80">
<createdBy>Raveen Pieris</createdBy>
<createdTime>2025-09-10 02:47:02 UTC</createdTime>
<ownerDesignName>brm_logical_A1_T3</ownerDesignName>
<engineerTo>
<item key="A7865680-98CF-7CC2-F291-F629001BBB65" value="true"/>
</engineerTo>
<sourcePk>7B2FB75B-EA30-6A38-1BF8-96A0482F67AA</sourcePk>
<identifying>false</identifying>
<nameOnTarget>participates in </nameOnTarget>
<optionalSource>true</optionalSource>
<optionalTarget>false</optionalTarget>
<sourceCardinality>1</sourceCardinality>
<sourceEntity>3FDEC76A-84E2-15D7-44FA-432E4B4D8974</sourceEntity>
<targetCardinalityString>*</targetCardinalityString>
<targetEntity>7583DE24-5926-A654-63C0-62D64E8A58BE</targetEntity>
<transferable>true</transferable>
<deleteRule>NO ACTION</deleteRule>
</Relation>
