<?xml version = '1.0' encoding = 'UTF-8'?>
<Relation class="oracle.dbtools.crest.model.design.logical.Relation" name="JOB_JOB_CERT" directorySegmentName="seg_0" id="1CFF3CC5-7CB2-909F-B23E-C69782F5C289">
<createdBy>Raveen Pieris</createdBy>
<createdTime>2025-09-11 02:56:41 UTC</createdTime>
<ownerDesignName>brm_logical_A1_T3</ownerDesignName>
<engineerTo>
<item key="A7865680-98CF-7CC2-F291-F629001BBB65" value="true"/>
</engineerTo>
<sourcePk>080CCF57-1E61-D5A0-5D91-D07C818B594C</sourcePk>
<identifying>false</identifying>
<nameOnTarget>CHECKS</nameOnTarget>
<optionalSource>true</optionalSource>
<optionalTarget>false</optionalTarget>
<sourceCardinality>1</sourceCardinality>
<sourceEntity>0E2FCC05-968D-5B4A-62B1-63D5BA16CE45</sourceEntity>
<targetCardinalityString>1</targetCardinalityString>
<targetEntity>A639B9F7-75C8-83BD-5105-462A7B515C91</targetEntity>
<transferable>true</transferable>
<deleteRule>NO ACTION</deleteRule>
</Relation>
