<?xml version = '1.0' encoding = 'UTF-8'?>
<Relation class="oracle.dbtools.crest.model.design.logical.Relation" name="ROLE_EMPLOYEE" directorySegmentName="seg_0" id="24CEF07A-D8BC-75B5-2932-1F23469D07E1">
<createdBy>Raveen Pieris</createdBy>
<createdTime>2025-09-10 03:12:22 UTC</createdTime>
<ownerDesignName>brm_logical_A1_T3</ownerDesignName>
<engineerTo>
<item key="A7865680-98CF-7CC2-F291-F629001BBB65" value="true"/>
</engineerTo>
<sourcePk>4B392AB2-31EC-48E6-25E6-E97BF5602FE6</sourcePk>
<identifying>false</identifying>
<nameOnTarget>classifies</nameOnTarget>
<optionalSource>true</optionalSource>
<optionalTarget>false</optionalTarget>
<sourceCardinality>1</sourceCardinality>
<sourceEntity>A28E1438-1211-F5D8-7AEB-2B09F542FA9E</sourceEntity>
<targetCardinalityString>*</targetCardinalityString>
<targetEntity>78405F58-0B38-2515-A911-B57317E065F3</targetEntity>
<transferable>true</transferable>
<deleteRule>NO ACTION</deleteRule>
</Relation>
