<?xml version = '1.0' encoding = 'UTF-8'?>
<Relation class="oracle.dbtools.crest.model.design.logical.Relation" name="purpose_quote" directorySegmentName="seg_0" id="27921CC6-487A-CAAF-93A8-6BE0FB9F8049">
<createdBy>Raveen Pieris</createdBy>
<createdTime>2025-09-11 01:42:35 UTC</createdTime>
<ownerDesignName>brm_logical_A1_T3</ownerDesignName>
<engineerTo>
<item key="A7865680-98CF-7CC2-F291-F629001BBB65" value="true"/>
</engineerTo>
<sourcePk>1BE32742-C8CC-5E0F-BAAE-A42E0B3D60C6</sourcePk>
<identifying>false</identifying>
<nameOnTarget>for</nameOnTarget>
<optionalSource>true</optionalSource>
<optionalTarget>false</optionalTarget>
<sourceCardinality>1</sourceCardinality>
<sourceEntity>D2B93E01-6E5F-C3B7-A26B-D90BCAD80D71</sourceEntity>
<targetCardinalityString>*</targetCardinalityString>
<targetEntity>920141E3-757C-B148-3981-CAE0FE93D9EF</targetEntity>
<transferable>true</transferable>
<deleteRule>NO ACTION</deleteRule>
</Relation>
