<?xml version = '1.0' encoding = 'UTF-8'?>
<Relation class="oracle.dbtools.crest.model.design.logical.Relation" name="COMBINATIONS_JOB" directorySegmentName="seg_0" id="283B8142-07E2-2ED4-9483-5FDCC3CA81EF">
<createdBy>Raveen Pieris</createdBy>
<createdTime>2025-09-11 02:49:03 UTC</createdTime>
<ownerDesignName>brm_logical_A1_T3</ownerDesignName>
<engineerTo>
<item key="A7865680-98CF-7CC2-F291-F629001BBB65" value="true"/>
</engineerTo>
<sourcePk>1080EB3D-D525-E4BF-3890-6E0948856AFF</sourcePk>
<identifying>false</identifying>
<nameOnTarget>is scheduled for </nameOnTarget>
<optionalSource>true</optionalSource>
<optionalTarget>false</optionalTarget>
<sourceCardinality>1</sourceCardinality>
<sourceEntity>7583DE24-5926-A654-63C0-62D64E8A58BE</sourceEntity>
<targetCardinalityString>*</targetCardinalityString>
<targetEntity>0E2FCC05-968D-5B4A-62B1-63D5BA16CE45</targetEntity>
<transferable>true</transferable>
<deleteRule>NO ACTION</deleteRule>
</Relation>
