<?xml version = '1.0' encoding = 'UTF-8'?>
<Relation class="oracle.dbtools.crest.model.design.logical.Relation" name="QUOTE_CUSTOMER" directorySegmentName="seg_0" id="487B8D8A-42A3-A93B-E510-61954BBB70BD">
<createdBy>Raveen Pieris</createdBy>
<createdTime>2025-09-11 01:33:13 UTC</createdTime>
<ownerDesignName>brm_logical_A1_T3</ownerDesignName>
<engineerTo>
<item key="A7865680-98CF-7CC2-F291-F629001BBB65" value="true"/>
</engineerTo>
<sourcePk>3D5D0E35-41D2-1234-80DA-8977C557241B</sourcePk>
<identifying>false</identifying>
<nameOnTarget>requests</nameOnTarget>
<optionalSource>true</optionalSource>
<optionalTarget>false</optionalTarget>
<sourceCardinality>1</sourceCardinality>
<sourceEntity>8C6AA9A4-B28B-52E4-00D4-E32859C95D92</sourceEntity>
<targetCardinalityString>*</targetCardinalityString>
<targetEntity>920141E3-757C-B148-3981-CAE0FE93D9EF</targetEntity>
<transferable>true</transferable>
<deleteRule>NO ACTION</deleteRule>
</Relation>
