<?xml version = '1.0' encoding = 'UTF-8'?>
<Relation class="oracle.dbtools.crest.model.design.logical.Relation" name="classifiesv1" directorySegmentName="seg_0" id="5BBA0DA1-EA11-8888-F8EA-2464B7C4B608">
<createdBy>Raveen Pieris</createdBy>
<createdTime>2025-09-10 02:41:42 UTC</createdTime>
<ownerDesignName>brm_logical_A1_T3</ownerDesignName>
<engineerTo>
<item key="A7865680-98CF-7CC2-F291-F629001BBB65" value="true"/>
</engineerTo>
<sourcePk>2CBBDA49-150A-3725-D532-5DD84477F4E8</sourcePk>
<identifying>false</identifying>
<nameOnTarget>Classifies</nameOnTarget>
<optionalSource>true</optionalSource>
<optionalTarget>false</optionalTarget>
<sourceCardinality>1</sourceCardinality>
<sourceEntity>1135606E-9069-AED8-29EF-1E5AF0C278DC</sourceEntity>
<targetCardinalityString>*</targetCardinalityString>
<targetEntity>EA6DEDFE-0D16-5870-5E82-5C1E959C31D7</targetEntity>
<transferable>true</transferable>
<deleteRule>NO ACTION</deleteRule>
</Relation>
