<?xml version = '1.0' encoding = 'UTF-8'?>
<Relation class="oracle.dbtools.crest.model.design.logical.Relation" name="JOB_EMPLOYEE" directorySegmentName="seg_0" id="677DEE39-8ECC-2800-67DC-46EA9C8B93E4">
<createdBy>Raveen Pieris</createdBy>
<createdTime>2025-09-11 03:57:54 UTC</createdTime>
<ownerDesignName>brm_logical_A1_T3</ownerDesignName>
<engineerTo>
<item key="A7865680-98CF-7CC2-F291-F629001BBB65" value="true"/>
</engineerTo>
<sourcePk>72606277-E40C-4F55-87B2-F1932BFC4B60</sourcePk>
<identifying>false</identifying>
<optionalSource>true</optionalSource>
<optionalTarget>false</optionalTarget>
<sourceCardinality>1</sourceCardinality>
<sourceEntity>78405F58-0B38-2515-A911-B57317E065F3</sourceEntity>
<targetCardinalityString>*</targetCardinalityString>
<targetEntity>0E2FCC05-968D-5B4A-62B1-63D5BA16CE45</targetEntity>
<transferable>true</transferable>
<deleteRule>NO ACTION</deleteRule>
</Relation>
