<?xml version = '1.0' encoding = 'UTF-8'?>
<Relation class="oracle.dbtools.crest.model.design.logical.Relation" name="TRAILER_COMBINATION" directorySegmentName="seg_0" id="6AA07088-C6E4-6665-2D18-CE7CACE2682C">
<createdBy>Raveen Pieris</createdBy>
<createdTime>2025-09-10 02:46:41 UTC</createdTime>
<ownerDesignName>brm_logical_A1_T3</ownerDesignName>
<engineerTo>
<item key="A7865680-98CF-7CC2-F291-F629001BBB65" value="true"/>
</engineerTo>
<sourcePk>A1621C0E-F7BD-8357-445D-3102FCB57C83</sourcePk>
<identifying>false</identifying>
<nameOnTarget>participates in </nameOnTarget>
<optionalSource>true</optionalSource>
<optionalTarget>false</optionalTarget>
<sourceCardinality>1</sourceCardinality>
<sourceEntity>EA6DEDFE-0D16-5870-5E82-5C1E959C31D7</sourceEntity>
<targetCardinalityString>*</targetCardinalityString>
<targetEntity>7583DE24-5926-A654-63C0-62D64E8A58BE</targetEntity>
<transferable>true</transferable>
<deleteRule>NO ACTION</deleteRule>
</Relation>
