<?xml version = '1.0' encoding = 'UTF-8'?>
<Relation class="oracle.dbtools.crest.model.design.logical.Relation" name="EMPLOYEE_JOB_CERT" directorySegmentName="seg_0" id="8680AB9B-214B-D2E5-D592-177D1E5966BD">
<createdBy>Raveen Pieris</createdBy>
<createdTime>2025-09-11 03:58:47 UTC</createdTime>
<ownerDesignName>brm_logical_A1_T3</ownerDesignName>
<engineerTo>
<item key="A7865680-98CF-7CC2-F291-F629001BBB65" value="true"/>
</engineerTo>
<sourcePk>72606277-E40C-4F55-87B2-F1932BFC4B60</sourcePk>
<identifying>false</identifying>
<nameOnTarget>Assigns</nameOnTarget>
<optionalSource>true</optionalSource>
<optionalTarget>false</optionalTarget>
<sourceCardinality>1</sourceCardinality>
<sourceEntity>78405F58-0B38-2515-A911-B57317E065F3</sourceEntity>
<targetCardinalityString>*</targetCardinalityString>
<targetEntity>A639B9F7-75C8-83BD-5105-462A7B515C91</targetEntity>
<transferable>true</transferable>
<deleteRule>NO ACTION</deleteRule>
</Relation>
