<?xml version = '1.0' encoding = 'UTF-8'?>
<Relation class="oracle.dbtools.crest.model.design.logical.Relation" name="TRUCK_TYPE_TRUCK" directorySegmentName="seg_0" id="92924A90-7025-D0B7-7123-7B87F2B9375A">
<createdBy>Raveen Pieris</createdBy>
<createdTime>2025-09-10 02:35:32 UTC</createdTime>
<ownerDesignName>brm_logical_A1_T3</ownerDesignName>
<engineerTo>
<item key="A7865680-98CF-7CC2-F291-F629001BBB65" value="true"/>
</engineerTo>
<sourcePk>32CF8F96-D5D4-267A-DFB8-D91118D5FDF1</sourcePk>
<identifying>false</identifying>
<nameOnTarget>classifies</nameOnTarget>
<optionalSource>true</optionalSource>
<optionalTarget>false</optionalTarget>
<sourceCardinality>1</sourceCardinality>
<sourceEntity>7056FDF8-9ABE-E9C3-8450-141AC7D2DCB5</sourceEntity>
<targetCardinalityString>*</targetCardinalityString>
<targetEntity>3FDEC76A-84E2-15D7-44FA-432E4B4D8974</targetEntity>
<transferable>true</transferable>
<deleteRule>NO ACTION</deleteRule>
</Relation>
