<?xml version = '1.0' encoding = 'UTF-8'?>
<Relation class="oracle.dbtools.crest.model.design.logical.Relation" name="COMBINATION_RATE_PURPOSE" directorySegmentName="seg_0" id="A823AA09-3084-F0D3-70B6-08009DB16950">
<createdBy>Raveen Pieris</createdBy>
<createdTime>2025-09-11 02:24:01 UTC</createdTime>
<ownerDesignName>brm_logical_A1_T3</ownerDesignName>
<engineerTo>
<item key="A7865680-98CF-7CC2-F291-F629001BBB65" value="true"/>
</engineerTo>
<sourcePk>1BE32742-C8CC-5E0F-BAAE-A42E0B3D60C6</sourcePk>
<identifying>true</identifying>
<optionalSource>true</optionalSource>
<optionalTarget>false</optionalTarget>
<sourceCardinality>1</sourceCardinality>
<sourceEntity>D2B93E01-6E5F-C3B7-A26B-D90BCAD80D71</sourceEntity>
<targetCardinalityString>*</targetCardinalityString>
<targetEntity>B1DD9DD5-CA25-A160-BEE5-5D5396E816FA</targetEntity>
<transferable>true</transferable>
<deleteRule>NO ACTION</deleteRule>
</Relation>
