<?xml version = '1.0' encoding = 'UTF-8'?>
<Relation class="oracle.dbtools.crest.model.design.logical.Relation" name="QUOTE_JOB" directorySegmentName="seg_0" id="A954C8B6-4864-BAC6-0723-610F2C1B90DF">
<createdBy>Raveen Pieris</createdBy>
<createdTime>2025-09-11 02:47:10 UTC</createdTime>
<ownerDesignName>brm_logical_A1_T3</ownerDesignName>
<engineerTo>
<item key="A7865680-98CF-7CC2-F291-F629001BBB65" value="true"/>
</engineerTo>
<sourcePk>7A2AFCF0-A974-BEA7-BBCA-CDB4337A7998</sourcePk>
<identifying>false</identifying>
<optionalSource>true</optionalSource>
<optionalTarget>false</optionalTarget>
<sourceCardinality>1</sourceCardinality>
<sourceEntity>920141E3-757C-B148-3981-CAE0FE93D9EF</sourceEntity>
<targetCardinalityString>1</targetCardinalityString>
<targetEntity>0E2FCC05-968D-5B4A-62B1-63D5BA16CE45</targetEntity>
<transferable>true</transferable>
<deleteRule>NO ACTION</deleteRule>
</Relation>
