<?xml version = '1.0' encoding = 'UTF-8'?>
<Relation class="oracle.dbtools.crest.model.design.logical.Relation" name="EMPLOYEE_MANAGER" directorySegmentName="seg_0" id="C4C1E5D4-6F1F-54F6-06B7-639FCF381A5D">
<createdBy>Raveen Pieris</createdBy>
<createdTime>2025-09-11 04:20:36 UTC</createdTime>
<ownerDesignName>brm_logical_A1_T3</ownerDesignName>
<engineerTo>
<item key="A7865680-98CF-7CC2-F291-F629001BBB65" value="true"/>
</engineerTo>
<targetPk>72606277-E40C-4F55-87B2-F1932BFC4B60</targetPk>
<identifying>false</identifying>
<nameOnTarget>manages</nameOnTarget>
<optionalSource>true</optionalSource>
<optionalTarget>false</optionalTarget>
<sourceCardinality>1</sourceCardinality>
<sourceEntity>78405F58-0B38-2515-A911-B57317E065F3</sourceEntity>
<targetCardinalityString>*</targetCardinalityString>
<targetEntity>78405F58-0B38-2515-A911-B57317E065F3</targetEntity>
<transferable>true</transferable>
<deleteRule>NO ACTION</deleteRule>
</Relation>
