<?xml version = '1.0' encoding = 'UTF-8'?>
<Relation class="oracle.dbtools.crest.model.design.logical.Relation" name="combinations_combination_rate" directorySegmentName="seg_0" id="DAC81DB2-11D1-C850-B73A-D8E306019D59">
<createdBy>Raveen Pieris</createdBy>
<createdTime>2025-09-11 02:24:17 UTC</createdTime>
<ownerDesignName>brm_logical_A1_T3</ownerDesignName>
<engineerTo>
<item key="A7865680-98CF-7CC2-F291-F629001BBB65" value="true"/>
</engineerTo>
<sourcePk>1080EB3D-D525-E4BF-3890-6E0948856AFF</sourcePk>
<identifying>true</identifying>
<optionalSource>true</optionalSource>
<optionalTarget>false</optionalTarget>
<sourceCardinality>1</sourceCardinality>
<sourceEntity>7583DE24-5926-A654-63C0-62D64E8A58BE</sourceEntity>
<targetCardinalityString>*</targetCardinalityString>
<targetEntity>B1DD9DD5-CA25-A160-BEE5-5D5396E816FA</targetEntity>
<transferable>true</transferable>
<deleteRule>NO ACTION</deleteRule>
</Relation>
