<?xml version = '1.0' encoding = 'UTF-8'?>
<Relation class="oracle.dbtools.crest.model.design.logical.Relation" name="EMPLOYEE_QUOTE" directorySegmentName="seg_0" id="F83EB168-6C08-8D0B-7BD5-25A55F4B05ED">
<createdBy>Raveen Pieris</createdBy>
<createdTime>2025-09-11 03:58:10 UTC</createdTime>
<ownerDesignName>brm_logical_A1_T3</ownerDesignName>
<engineerTo>
<item key="A7865680-98CF-7CC2-F291-F629001BBB65" value="true"/>
</engineerTo>
<sourcePk>72606277-E40C-4F55-87B2-F1932BFC4B60</sourcePk>
<identifying>false</identifying>
<nameOnTarget>prepares</nameOnTarget>
<optionalSource>true</optionalSource>
<optionalTarget>false</optionalTarget>
<sourceCardinality>1</sourceCardinality>
<sourceEntity>78405F58-0B38-2515-A911-B57317E065F3</sourceEntity>
<targetCardinalityString>*</targetCardinalityString>
<targetEntity>920141E3-757C-B148-3981-CAE0FE93D9EF</targetEntity>
<transferable>true</transferable>
<deleteRule>NO ACTION</deleteRule>
</Relation>
