<?xml version = '1.0' encoding = 'UTF-8'?>
<FKIndexAssociation class="oracle.dbtools.crest.model.design.relational.FKIndexAssociation" directorySegmentName="seg_0" id="3D1D4584-01AC-4F37-8DEA-F17AA23C6473" containerWithKeyObject="4F49DABF-AC51-7854-7952-12C35A9420D4" localFKIndex="CBD5C4D3-390C-5A29-F0EC-3A5AA4E5A357" name="participates_in">
<createdBy>Raveen Pieris</createdBy>
<createdTime>2025-09-11 04:46:52 UTC</createdTime>
<generatorID>0154FCCB-88D6-427A-21DC-723FF27EDC80</generatorID>
<ownerDesignName>brm_logical_A1_T3</ownerDesignName>
<referredTableLongName>TRUCK</referredTableLongName>
<deleteRule>NO ACTION</deleteRule>
<referredTableID>58A4CC02-1405-9646-36CA-7E2FD1A549F4</referredTableID>
<keyObject>396EE982-45D2-3832-9DAB-03263EB9C1C2</keyObject>
<referredKeyID>396EE982-45D2-3832-9DAB-03263EB9C1C2</referredKeyID>
<mandatory>true</mandatory>
<refColNames>VIN</refColNames>
<transferable>true</transferable>
<rely>false</rely>
<columnDependencyConstraintGenerateInDDL>true</columnDependencyConstraintGenerateInDDL>
</FKIndexAssociation>
