<?xml version = '1.0' encoding = 'UTF-8'?>
<FKIndexAssociation class="oracle.dbtools.crest.model.design.relational.FKIndexAssociation" directorySegmentName="seg_0" id="3DB69BF1-D5BA-4E65-79BF-027F5638B85B" containerWithKeyObject="F00D287D-6F06-00DE-91C9-265975088C48" localFKIndex="214A8CF1-249F-54C9-200A-829601DD5EA8" name="JOB_JOB_CERT">
<createdBy>Raveen Pieris</createdBy>
<createdTime>2025-09-11 04:46:52 UTC</createdTime>
<generatorID>1CFF3CC5-7CB2-909F-B23E-C69782F5C289</generatorID>
<ownerDesignName>brm_logical_A1_T3</ownerDesignName>
<referredTableLongName>JOB</referredTableLongName>
<deleteRule>NO ACTION</deleteRule>
<referredTableID>D098AA78-3744-D795-A63E-C24D6BADA940</referredTableID>
<keyObject>2289FDE1-0CBF-0BD0-154C-7FC3F338A255</keyObject>
<referredKeyID>2289FDE1-0CBF-0BD0-154C-7FC3F338A255</referredKeyID>
<mandatory>true</mandatory>
<refColNames>job_no</refColNames>
<transferable>true</transferable>
<rely>false</rely>
<columnDependencyConstraintGenerateInDDL>true</columnDependencyConstraintGenerateInDDL>
</FKIndexAssociation>
