<?xml version = '1.0' encoding = 'UTF-8'?>
<FKIndexAssociation class="oracle.dbtools.crest.model.design.relational.FKIndexAssociation" directorySegmentName="seg_0" id="42139336-1FD6-C11C-5284-A335D321E4F1" containerWithKeyObject="D098AA78-3744-D795-A63E-C24D6BADA940" localFKIndex="42535A04-71EA-18CF-09DD-D6E432AF99FA" name="Relation_33">
<createdBy>Raveen Pieris</createdBy>
<createdTime>2025-09-11 04:46:52 UTC</createdTime>
<generatorID>677DEE39-8ECC-2800-67DC-46EA9C8B93E4</generatorID>
<ownerDesignName>brm_logical_A1_T3</ownerDesignName>
<referredTableLongName>EMPLOYEE</referredTableLongName>
<deleteRule>NO ACTION</deleteRule>
<referredTableID>B7408FB6-B443-B242-3E24-41183651B894</referredTableID>
<keyObject>F0601A55-6CD2-D080-7138-8E91684FC4C6</keyObject>
<referredKeyID>F0601A55-6CD2-D080-7138-8E91684FC4C6</referredKeyID>
<mandatory>true</mandatory>
<refColNames>emp_no</refColNames>
<transferable>true</transferable>
<rely>false</rely>
<columnDependencyConstraintGenerateInDDL>true</columnDependencyConstraintGenerateInDDL>
</FKIndexAssociation>
