<?xml version = '1.0' encoding = 'UTF-8'?>
<FKIndexAssociation class="oracle.dbtools.crest.model.design.relational.FKIndexAssociation" directorySegmentName="seg_0" id="48A1E50F-608C-0405-F1BF-C7684BAB49A4" containerWithKeyObject="B7408FB6-B443-B242-3E24-41183651B894" localFKIndex="C154725A-27B1-3332-5E20-AE919D259470" name="classifiesv2">
<createdBy>Raveen Pieris</createdBy>
<createdTime>2025-09-11 04:46:52 UTC</createdTime>
<generatorID>24CEF07A-D8BC-75B5-2932-1F23469D07E1</generatorID>
<ownerDesignName>brm_logical_A1_T3</ownerDesignName>
<referredTableLongName>ROLE</referredTableLongName>
<deleteRule>NO ACTION</deleteRule>
<referredTableID>BED2FCF4-617C-E694-D8CC-DC2E3DDA6CAA</referredTableID>
<keyObject>93BE2C84-3DDD-8DFD-8B60-E81E8D18F8B2</keyObject>
<referredKeyID>93BE2C84-3DDD-8DFD-8B60-E81E8D18F8B2</referredKeyID>
<mandatory>true</mandatory>
<refColNames>role_name</refColNames>
<transferable>true</transferable>
<rely>false</rely>
<columnDependencyConstraintGenerateInDDL>true</columnDependencyConstraintGenerateInDDL>
</FKIndexAssociation>
