<?xml version = '1.0' encoding = 'UTF-8'?>
<FKIndexAssociation class="oracle.dbtools.crest.model.design.relational.FKIndexAssociation" directorySegmentName="seg_0" id="51A77AD8-9C7C-A7F6-B9FA-55A50978ED56" containerWithKeyObject="622149A9-70BA-BAA5-00F3-3B22D0FDF588" localFKIndex="B908F716-8FE5-079F-4899-471D78C86313" name="combinations_combination_rate">
<createdBy>Raveen Pieris</createdBy>
<createdTime>2025-09-11 04:46:52 UTC</createdTime>
<generatorID>DAC81DB2-11D1-C850-B73A-D8E306019D59</generatorID>
<ownerDesignName>brm_logical_A1_T3</ownerDesignName>
<referredTableLongName>COMBINATIONS</referredTableLongName>
<deleteRule>NO ACTION</deleteRule>
<referredTableID>4F49DABF-AC51-7854-7952-12C35A9420D4</referredTableID>
<keyObject>257B1555-4C47-606A-2418-66F90E47901C</keyObject>
<referredKeyID>257B1555-4C47-606A-2418-66F90E47901C</referredKeyID>
<mandatory>true</mandatory>
<refColNames>comb_code</refColNames>
<transferable>true</transferable>
<rely>false</rely>
<columnDependencyConstraintGenerateInDDL>true</columnDependencyConstraintGenerateInDDL>
</FKIndexAssociation>
