<?xml version = '1.0' encoding = 'UTF-8'?>
<FKIndexAssociation class="oracle.dbtools.crest.model.design.relational.FKIndexAssociation" directorySegmentName="seg_0" id="581BD9D3-3DAE-5558-213D-839129C805EE" containerWithKeyObject="F5D7E972-13D7-775F-7621-683FA5E57F84" localFKIndex="A71880EF-DA49-259E-86B5-661BDD5A9DA1" name="Relation_34">
<createdBy>Raveen Pieris</createdBy>
<createdTime>2025-09-11 04:46:52 UTC</createdTime>
<generatorID>F83EB168-6C08-8D0B-7BD5-25A55F4B05ED</generatorID>
<ownerDesignName>brm_logical_A1_T3</ownerDesignName>
<referredTableLongName>EMPLOYEE</referredTableLongName>
<deleteRule>NO ACTION</deleteRule>
<referredTableID>B7408FB6-B443-B242-3E24-41183651B894</referredTableID>
<keyObject>F0601A55-6CD2-D080-7138-8E91684FC4C6</keyObject>
<referredKeyID>F0601A55-6CD2-D080-7138-8E91684FC4C6</referredKeyID>
<mandatory>true</mandatory>
<refColNames>emp_no</refColNames>
<transferable>true</transferable>
<rely>false</rely>
<columnDependencyConstraintGenerateInDDL>true</columnDependencyConstraintGenerateInDDL>
</FKIndexAssociation>
