<?xml version = '1.0' encoding = 'UTF-8'?>
<FKIndexAssociation class="oracle.dbtools.crest.model.design.relational.FKIndexAssociation" directorySegmentName="seg_0" id="76B27C74-FC51-5FAA-92CC-DB18E06C171D" containerWithKeyObject="4F49DABF-AC51-7854-7952-12C35A9420D4" localFKIndex="A2EA234A-E553-5D75-0CD1-457623D56337" name="particiaptes_in">
<createdBy>Raveen Pieris</createdBy>
<createdTime>2025-09-11 04:46:52 UTC</createdTime>
<generatorID>6AA07088-C6E4-6665-2D18-CE7CACE2682C</generatorID>
<ownerDesignName>brm_logical_A1_T3</ownerDesignName>
<referredTableLongName>TRAILER</referredTableLongName>
<deleteRule>NO ACTION</deleteRule>
<referredTableID>20FBDF47-37E1-9A0B-07AD-D09D89BE5FDA</referredTableID>
<keyObject>43375964-CC27-9624-F9DB-0196C741E744</keyObject>
<referredKeyID>43375964-CC27-9624-F9DB-0196C741E744</referredKeyID>
<mandatory>true</mandatory>
<refColNames>trailer_code</refColNames>
<transferable>true</transferable>
<rely>false</rely>
<columnDependencyConstraintGenerateInDDL>true</columnDependencyConstraintGenerateInDDL>
</FKIndexAssociation>
