<?xml version = '1.0' encoding = 'UTF-8'?>
<FKIndexAssociation class="oracle.dbtools.crest.model.design.relational.FKIndexAssociation" directorySegmentName="seg_0" id="85A64BCC-A898-554B-2D91-6E86F19FFEC3" containerWithKeyObject="D098AA78-3744-D795-A63E-C24D6BADA940" localFKIndex="20F93A87-7AA8-D609-D08D-8CDD2E338CEE" name="COMBINATIONS_JOB">
<createdBy>Raveen Pieris</createdBy>
<createdTime>2025-09-11 04:46:52 UTC</createdTime>
<generatorID>283B8142-07E2-2ED4-9483-5FDCC3CA81EF</generatorID>
<ownerDesignName>brm_logical_A1_T3</ownerDesignName>
<referredTableLongName>COMBINATIONS</referredTableLongName>
<deleteRule>NO ACTION</deleteRule>
<referredTableID>4F49DABF-AC51-7854-7952-12C35A9420D4</referredTableID>
<keyObject>257B1555-4C47-606A-2418-66F90E47901C</keyObject>
<referredKeyID>257B1555-4C47-606A-2418-66F90E47901C</referredKeyID>
<mandatory>true</mandatory>
<refColNames>comb_code</refColNames>
<transferable>true</transferable>
<rely>false</rely>
<columnDependencyConstraintGenerateInDDL>true</columnDependencyConstraintGenerateInDDL>
</FKIndexAssociation>
