<?xml version = '1.0' encoding = 'UTF-8'?>
<FKIndexAssociation class="oracle.dbtools.crest.model.design.relational.FKIndexAssociation" directorySegmentName="seg_0" id="893DCFE3-26CD-968C-DFB6-3A636C002738" containerWithKeyObject="622149A9-70BA-BAA5-00F3-3B22D0FDF588" localFKIndex="E9C3B5F3-AB8E-1F04-B3E9-7E881520A876" name="Relation_14">
<createdBy>Raveen Pieris</createdBy>
<createdTime>2025-09-11 04:46:52 UTC</createdTime>
<generatorID>A823AA09-3084-F0D3-70B6-08009DB16950</generatorID>
<ownerDesignName>brm_logical_A1_T3</ownerDesignName>
<referredTableLongName>PURPOSE</referredTableLongName>
<deleteRule>NO ACTION</deleteRule>
<referredTableID>89FE2729-9AF7-15F2-73C8-61A0D2624C91</referredTableID>
<keyObject>7FDB5310-1BDC-156E-7A7E-E4C0C3F11371</keyObject>
<referredKeyID>7FDB5310-1BDC-156E-7A7E-E4C0C3F11371</referredKeyID>
<mandatory>true</mandatory>
<refColNames>purp_no</refColNames>
<transferable>true</transferable>
<rely>false</rely>
<columnDependencyConstraintGenerateInDDL>true</columnDependencyConstraintGenerateInDDL>
</FKIndexAssociation>
