<?xml version = '1.0' encoding = 'UTF-8'?>
<FKIndexAssociation class="oracle.dbtools.crest.model.design.relational.FKIndexAssociation" directorySegmentName="seg_0" id="A68E8330-B3AB-D449-A6F2-77994F482C2C" containerWithKeyObject="B7408FB6-B443-B242-3E24-41183651B894" localFKIndex="7C0874CF-5A48-9BC6-EFF9-68E2E6F4C20F" name="Relation_40">
<createdBy>Raveen Pieris</createdBy>
<createdTime>2025-09-11 04:46:52 UTC</createdTime>
<generatorID>C4C1E5D4-6F1F-54F6-06B7-639FCF381A5D</generatorID>
<ownerDesignName>brm_logical_A1_T3</ownerDesignName>
<referredTableLongName>EMPLOYEE</referredTableLongName>
<deleteRule>NO ACTION</deleteRule>
<referredTableID>B7408FB6-B443-B242-3E24-41183651B894</referredTableID>
<keyObject>F0601A55-6CD2-D080-7138-8E91684FC4C6</keyObject>
<referredKeyID>F0601A55-6CD2-D080-7138-8E91684FC4C6</referredKeyID>
<mandatory>true</mandatory>
<refColNames>emp_no</refColNames>
<transferable>true</transferable>
<rely>false</rely>
<columnDependencyConstraintGenerateInDDL>true</columnDependencyConstraintGenerateInDDL>
</FKIndexAssociation>
