<?xml version = '1.0' encoding = 'UTF-8'?>
<FKIndexAssociation class="oracle.dbtools.crest.model.design.relational.FKIndexAssociation" directorySegmentName="seg_0" id="AEE9D703-E503-AD4F-740F-2EAA36E3BFE7" containerWithKeyObject="58A4CC02-1405-9646-36CA-7E2FD1A549F4" localFKIndex="286AC6F3-789A-8D79-DD87-531EE5030F24" name="classifies">
<createdBy>Raveen Pieris</createdBy>
<createdTime>2025-09-11 04:46:52 UTC</createdTime>
<generatorID>92924A90-7025-D0B7-7123-7B87F2B9375A</generatorID>
<ownerDesignName>brm_logical_A1_T3</ownerDesignName>
<referredTableLongName>TRUCKTYPE</referredTableLongName>
<deleteRule>NO ACTION</deleteRule>
<referredTableID>34B519FB-6911-35B1-5EB6-F31457A6DECF</referredTableID>
<keyObject>115CB49D-7A71-61EC-89FC-0B6E10BC2599</keyObject>
<referredKeyID>115CB49D-7A71-61EC-89FC-0B6E10BC2599</referredKeyID>
<mandatory>true</mandatory>
<refColNames>truck_manu,truck_model</refColNames>
<transferable>true</transferable>
<rely>false</rely>
<columnDependencyConstraintGenerateInDDL>true</columnDependencyConstraintGenerateInDDL>
</FKIndexAssociation>
