<?xml version = '1.0' encoding = 'UTF-8'?>
<FKIndexAssociation class="oracle.dbtools.crest.model.design.relational.FKIndexAssociation" directorySegmentName="seg_0" id="C47A1F0E-2265-5943-48D9-08D24CB06F97" containerWithKeyObject="20FBDF47-37E1-9A0B-07AD-D09D89BE5FDA" localFKIndex="C9910525-23F7-4ACB-2DF4-7178057A8C07" name="classifiesv1">
<createdBy>Raveen Pieris</createdBy>
<createdTime>2025-09-11 04:46:52 UTC</createdTime>
<generatorID>5BBA0DA1-EA11-8888-F8EA-2464B7C4B608</generatorID>
<ownerDesignName>brm_logical_A1_T3</ownerDesignName>
<referredTableLongName>TRAILERTYPE</referredTableLongName>
<deleteRule>NO ACTION</deleteRule>
<referredTableID>CAC81C97-AC1A-4671-090F-78CC6F0F7BE9</referredTableID>
<keyObject>2E58159E-3BFF-6E26-E87A-C5A8A03470AA</keyObject>
<referredKeyID>2E58159E-3BFF-6E26-E87A-C5A8A03470AA</referredKeyID>
<mandatory>true</mandatory>
<refColNames>trailer_model,trailer_manu</refColNames>
<transferable>true</transferable>
<rely>false</rely>
<columnDependencyConstraintGenerateInDDL>true</columnDependencyConstraintGenerateInDDL>
</FKIndexAssociation>
