<?xml version = '1.0' encoding = 'UTF-8'?>
<FKIndexAssociation class="oracle.dbtools.crest.model.design.relational.FKIndexAssociation" directorySegmentName="seg_0" id="EA577957-415B-64E3-2EF5-EC02F248969C" containerWithKeyObject="F5D7E972-13D7-775F-7621-683FA5E57F84" localFKIndex="066658AB-B0C3-9082-C8E4-E9DEF8E31DD0" name="requests">
<createdBy>Raveen Pieris</createdBy>
<createdTime>2025-09-11 04:46:52 UTC</createdTime>
<generatorID>487B8D8A-42A3-A93B-E510-61954BBB70BD</generatorID>
<ownerDesignName>brm_logical_A1_T3</ownerDesignName>
<referredTableLongName>CUSTOMER</referredTableLongName>
<deleteRule>NO ACTION</deleteRule>
<referredTableID>F946A99F-50E4-F17E-03F3-5C0CE984D9AC</referredTableID>
<keyObject>879E0595-EADF-F576-E24A-91DE9A6D293A</keyObject>
<referredKeyID>879E0595-EADF-F576-E24A-91DE9A6D293A</referredKeyID>
<mandatory>true</mandatory>
<refColNames>cust_no</refColNames>
<transferable>true</transferable>
<rely>false</rely>
<columnDependencyConstraintGenerateInDDL>true</columnDependencyConstraintGenerateInDDL>
</FKIndexAssociation>
