<?xml version = '1.0' encoding = 'UTF-8'?>
<FKIndexAssociation class="oracle.dbtools.crest.model.design.relational.FKIndexAssociation" directorySegmentName="seg_0" id="EE7CB646-3C2B-B1BA-527D-0EA2C6F4931F" containerWithKeyObject="F00D287D-6F06-00DE-91C9-265975088C48" localFKIndex="F7ACB6D7-8A54-DA00-461E-F113B526811A" name="Relation_35">
<createdBy>Raveen Pieris</createdBy>
<createdTime>2025-09-11 04:46:52 UTC</createdTime>
<generatorID>8680AB9B-214B-D2E5-D592-177D1E5966BD</generatorID>
<ownerDesignName>brm_logical_A1_T3</ownerDesignName>
<referredTableLongName>EMPLOYEE</referredTableLongName>
<deleteRule>NO ACTION</deleteRule>
<referredTableID>B7408FB6-B443-B242-3E24-41183651B894</referredTableID>
<keyObject>F0601A55-6CD2-D080-7138-8E91684FC4C6</keyObject>
<referredKeyID>F0601A55-6CD2-D080-7138-8E91684FC4C6</referredKeyID>
<mandatory>true</mandatory>
<refColNames>emp_no</refColNames>
<transferable>true</transferable>
<rely>false</rely>
<columnDependencyConstraintGenerateInDDL>true</columnDependencyConstraintGenerateInDDL>
</FKIndexAssociation>
