<?xml version = '1.0' encoding = 'UTF-8'?>
<FKIndexAssociation class="oracle.dbtools.crest.model.design.relational.FKIndexAssociation" directorySegmentName="seg_0" id="FCDE443C-D303-7E84-33A5-FB545CE46509" containerWithKeyObject="D098AA78-3744-D795-A63E-C24D6BADA940" localFKIndex="FAF958A0-8467-8870-15FF-37E620079DC9" name="QUOTE_JOB">
<createdBy>Raveen Pieris</createdBy>
<createdTime>2025-09-11 04:46:52 UTC</createdTime>
<generatorID>A954C8B6-4864-BAC6-0723-610F2C1B90DF</generatorID>
<ownerDesignName>brm_logical_A1_T3</ownerDesignName>
<referredTableLongName>QUOTE</referredTableLongName>
<deleteRule>NO ACTION</deleteRule>
<referredTableID>F5D7E972-13D7-775F-7621-683FA5E57F84</referredTableID>
<keyObject>7B90869B-9177-DC06-A926-F45C29656E27</keyObject>
<referredKeyID>7B90869B-9177-DC06-A926-F45C29656E27</referredKeyID>
<mandatory>true</mandatory>
<refColNames>quote_no</refColNames>
<transferable>true</transferable>
<rely>false</rely>
<columnDependencyConstraintGenerateInDDL>true</columnDependencyConstraintGenerateInDDL>
</FKIndexAssociation>
