<?xml version = '1.0' encoding = 'UTF-8'?>
<FKIndexAssociation class="oracle.dbtools.crest.model.design.relational.FKIndexAssociation" directorySegmentName="seg_0" id="FE632768-9F24-A1F6-614C-BE3082E94965" containerWithKeyObject="F5D7E972-13D7-775F-7621-683FA5E57F84" localFKIndex="0EE4CB68-7384-CF1C-BCCF-A34FA0DB4DF5" name="purpose_quote">
<createdBy>Raveen Pieris</createdBy>
<createdTime>2025-09-11 04:46:52 UTC</createdTime>
<generatorID>27921CC6-487A-CAAF-93A8-6BE0FB9F8049</generatorID>
<ownerDesignName>brm_logical_A1_T3</ownerDesignName>
<referredTableLongName>PURPOSE</referredTableLongName>
<deleteRule>NO ACTION</deleteRule>
<referredTableID>89FE2729-9AF7-15F2-73C8-61A0D2624C91</referredTableID>
<keyObject>7FDB5310-1BDC-156E-7A7E-E4C0C3F11371</keyObject>
<referredKeyID>7FDB5310-1BDC-156E-7A7E-E4C0C3F11371</referredKeyID>
<mandatory>true</mandatory>
<refColNames>purp_no</refColNames>
<transferable>true</transferable>
<rely>false</rely>
<columnDependencyConstraintGenerateInDDL>true</columnDependencyConstraintGenerateInDDL>
</FKIndexAssociation>
