<?xml version = '1.0' encoding = 'UTF-8'?>
<Entity class="oracle.dbtools.crest.model.design.logical.Entity" directorySegmentName="seg_0" id="0E2FCC05-968D-5B4A-62B1-63D5BA16CE45" name="JOB">
<createdBy>Raveen Pieris</createdBy>
<createdTime>2025-09-11 02:29:16 UTC</createdTime>
<ownerDesignName>brm_logical_A1_T3</ownerDesignName>
<engineerTo>
<item key="A7865680-98CF-7CC2-F291-F629001BBB65" value="true"/>
</engineerTo>
<adequatelyNormalized>NO</adequatelyNormalized>
<expectedVolumes>0</expectedVolumes>
<fwdEngineeringStrategyName>Single Table</fwdEngineeringStrategyName>
<growthPercent>0</growthPercent>
<growthType>Year</growthType>
<maxVolumes>9999999</maxVolumes>
<minVolumes>0</minVolumes>
<normalForm>Third</normalForm>
<attributes itemClass="oracle.dbtools.crest.model.design.logical.Attribute">
<Attribute name="job_no" id="085250E2-1DAE-C16A-29D4-81C1E0FF3263">
<createdBy>Raveen Pieris</createdBy>
<createdTime>2025-09-11 02:29:24 UTC</createdTime>
<ownerDesignName>brm_logical_A1_T3</ownerDesignName>
<engineerTo>
<item key="A7865680-98CF-7CC2-F291-F629001BBB65" value="true"/>
</engineerTo>
<useDomainConstraints>false</useDomainConstraints>
<use>1</use>
<logicalDatatype>LOGDT024</logicalDatatype>
<dataTypeSize>10</dataTypeSize>
<ownDataTypeParameters>10,,</ownDataTypeParameters>
</Attribute>
<Attribute name="pickup_dt" id="D2E465EA-6C3B-761E-62CF-30552888E760">
<createdBy>Raveen Pieris</createdBy>
<createdTime>2025-09-11 02:43:37 UTC</createdTime>
<ownerDesignName>brm_logical_A1_T3</ownerDesignName>
<engineerTo>
<item key="A7865680-98CF-7CC2-F291-F629001BBB65" value="true"/>
</engineerTo>
<useDomainConstraints>false</useDomainConstraints>
<use>1</use>
<logicalDatatype>LOGDT007</logicalDatatype>
<ownDataTypeParameters>,,</ownDataTypeParameters>
</Attribute>
<Attribute name="int_drop_dt" id="EEE86321-17B1-CC92-D2CF-7ED5AFA34E40">
<createdBy>Raveen Pieris</createdBy>
<createdTime>2025-09-11 02:43:54 UTC</createdTime>
<ownerDesignName>brm_logical_A1_T3</ownerDesignName>
<engineerTo>
<item key="A7865680-98CF-7CC2-F291-F629001BBB65" value="true"/>
</engineerTo>
<useDomainConstraints>false</useDomainConstraints>
<use>1</use>
<logicalDatatype>LOGDT007</logicalDatatype>
<ownDataTypeParameters>,,</ownDataTypeParameters>
</Attribute>
<Attribute name="paid_flag" id="718B23C1-DA0C-3BFD-B4F2-78D0A9D3D6FC">
<createdBy>Raveen Pieris</createdBy>
<createdTime>2025-09-11 02:44:09 UTC</createdTime>
<commentInRDBMS><![CDATA[Y- Customer Paid, N- Customer No Paid]]></commentInRDBMS>
<ownerDesignName>brm_logical_A1_T3</ownerDesignName>
<engineerTo>
<item key="A7865680-98CF-7CC2-F291-F629001BBB65" value="true"/>
</engineerTo>
<constraintName>check_paid_flag</constraintName>
<useDomainConstraints>false</useDomainConstraints>
<use>1</use>
<logicalDatatype>LOGDT025</logicalDatatype>
<dataTypeSize>2</dataTypeSize>
<listOfValues>
<valueDef value="N" description="No cutomer not paid"/>
<valueDef value="Y" description="Yes customer paid"/>
</listOfValues>
<ownDataTypeParameters>2,,</ownDataTypeParameters>
</Attribute>
<Attribute name="job_cost" id="621C8D9A-433D-3DD5-C74C-AF34F9D046C8">
<createdBy>Raveen Pieris</createdBy>
<createdTime>2025-09-11 02:44:28 UTC</createdTime>
<ownerDesignName>brm_logical_A1_T3</ownerDesignName>
<engineerTo>
<item key="A7865680-98CF-7CC2-F291-F629001BBB65" value="true"/>
</engineerTo>
<useDomainConstraints>false</useDomainConstraints>
<use>1</use>
<logicalDatatype>LOGDT019</logicalDatatype>
<dataTypePrecision>10</dataTypePrecision>
<ownDataTypeParameters>,10,</ownDataTypeParameters>
</Attribute>
<Attribute name="comb_code" id="3E26E3BD-46F1-9564-C123-81CE7448C9C4">
<createdBy>Raveen Pieris</createdBy>
<createdTime>2025-09-11 02:49:03 UTC</createdTime>
<generatorID>283B8142-07E2-2ED4-9483-5FDCC3CA81EF</generatorID>
<ownerDesignName>brm_logical_A1_T3</ownerDesignName>
<engineerTo>
<item key="A7865680-98CF-7CC2-F291-F629001BBB65" value="true"/>
</engineerTo>
<referedAttribute>B2743CAB-F02A-6741-024D-A57FC764ACDC</referedAttribute>
<useDomainConstraints>false</useDomainConstraints>
<use>1</use>
<logicalDatatype>LOGDT024</logicalDatatype>
<dataTypeSize>12</dataTypeSize>
<ownDataTypeParameters>12,,</ownDataTypeParameters>
</Attribute>
<Attribute name="quote_no" id="FC6AFA35-CDE9-5038-5F55-DD64B36D2716">
<createdBy>Raveen Pieris</createdBy>
<createdTime>2025-09-11 03:08:09 UTC</createdTime>
<generatorID>A954C8B6-4864-BAC6-0723-610F2C1B90DF</generatorID>
<ownerDesignName>brm_logical_A1_T3</ownerDesignName>
<engineerTo>
<item key="A7865680-98CF-7CC2-F291-F629001BBB65" value="true"/>
</engineerTo>
<referedAttribute>FCE33C25-659B-1560-A736-D5293CCC075B</referedAttribute>
<useDomainConstraints>false</useDomainConstraints>
<use>1</use>
<logicalDatatype>LOGDT019</logicalDatatype>
<dataTypePrecision>6</dataTypePrecision>
<ownDataTypeParameters>,6,</ownDataTypeParameters>
</Attribute>
<Attribute name="emp_no" id="7F034812-37E1-16F7-C1FD-0A2C07591119">
<createdBy>Raveen Pieris</createdBy>
<createdTime>2025-09-11 03:57:54 UTC</createdTime>
<generatorID>677DEE39-8ECC-2800-67DC-46EA9C8B93E4</generatorID>
<ownerDesignName>brm_logical_A1_T3</ownerDesignName>
<engineerTo>
<item key="A7865680-98CF-7CC2-F291-F629001BBB65" value="true"/>
</engineerTo>
<referedAttribute>A09EA684-235C-FACE-EC04-71D236F116A8</referedAttribute>
<useDomainConstraints>false</useDomainConstraints>
<use>1</use>
<logicalDatatype>LOGDT019</logicalDatatype>
<dataTypePrecision>6</dataTypePrecision>
<ownDataTypeParameters>,6,</ownDataTypeParameters>
</Attribute>
</attributes>
<identifiers itemClass="oracle.dbtools.crest.model.design.logical.CandidateKey">
<identifier id="080CCF57-1E61-D5A0-5D91-D07C818B594C" name="JOB PK">
<createdBy>Raveen Pieris</createdBy>
<createdTime>2025-09-11 02:43:35 UTC</createdTime>
<ownerDesignName>brm_logical_A1_T3</ownerDesignName>
<shouldEngineer>false</shouldEngineer>
<engineerTo>
<item key="A7865680-98CF-7CC2-F291-F629001BBB65" value="false"/>
</engineerTo>
<pk>true</pk>
<usedAttributes>
<attributeRef>085250E2-1DAE-C16A-29D4-81C1E0FF3263</attributeRef>
</usedAttributes>
</identifier>
</identifiers>
</Entity>
