<?xml version = '1.0' encoding = 'UTF-8'?>
<Entity class="oracle.dbtools.crest.model.design.logical.Entity" directorySegmentName="seg_0" id="1135606E-9069-AED8-29EF-1E5AF0C278DC" name="TRAILERTYPE">
<createdBy>Raveen Pieris</createdBy>
<createdTime>2025-09-10 02:00:01 UTC</createdTime>
<ownerDesignName>brm_logical_A1_T3</ownerDesignName>
<engineerTo>
<item key="A7865680-98CF-7CC2-F291-F629001BBB65" value="true"/>
</engineerTo>
<adequatelyNormalized>NO</adequatelyNormalized>
<expectedVolumes>0</expectedVolumes>
<fwdEngineeringStrategyName>Single Table</fwdEngineeringStrategyName>
<growthPercent>0</growthPercent>
<growthType>Year</growthType>
<maxVolumes>9999999</maxVolumes>
<minVolumes>0</minVolumes>
<normalForm>Third</normalForm>
<attributes itemClass="oracle.dbtools.crest.model.design.logical.Attribute">
<Attribute name="trailer_manu" id="30DE62CE-AE94-E919-26EB-85A9F605FEF1">
<createdBy>Raveen Pieris</createdBy>
<createdTime>2025-09-10 02:00:19 UTC</createdTime>
<ownerDesignName>brm_logical_A1_T3</ownerDesignName>
<engineerTo>
<item key="A7865680-98CF-7CC2-F291-F629001BBB65" value="true"/>
</engineerTo>
<useDomainConstraints>false</useDomainConstraints>
<use>1</use>
<logicalDatatype>LOGDT024</logicalDatatype>
<dataTypeSize>30</dataTypeSize>
<ownDataTypeParameters>30,,</ownDataTypeParameters>
</Attribute>
<Attribute name="trailer_model" id="91C5615D-1EA2-4231-6428-BDD2DE1C4589">
<createdBy>Raveen Pieris</createdBy>
<createdTime>2025-09-10 02:00:53 UTC</createdTime>
<ownerDesignName>brm_logical_A1_T3</ownerDesignName>
<engineerTo>
<item key="A7865680-98CF-7CC2-F291-F629001BBB65" value="true"/>
</engineerTo>
<useDomainConstraints>false</useDomainConstraints>
<use>1</use>
<logicalDatatype>LOGDT024</logicalDatatype>
<dataTypeSize>40</dataTypeSize>
<ownDataTypeParameters>40,,</ownDataTypeParameters>
</Attribute>
</attributes>
<identifiers itemClass="oracle.dbtools.crest.model.design.logical.CandidateKey">
<identifier id="2CBBDA49-150A-3725-D532-5DD84477F4E8" name="TRAILERTYPE PK">
<createdBy>Raveen Pieris</createdBy>
<createdTime>2025-09-10 02:01:09 UTC</createdTime>
<ownerDesignName>brm_logical_A1_T3</ownerDesignName>
<engineerTo>
<item key="A7865680-98CF-7CC2-F291-F629001BBB65" value="true"/>
</engineerTo>
<pk>true</pk>
<usedAttributes>
<attributeRef>91C5615D-1EA2-4231-6428-BDD2DE1C4589</attributeRef>
<attributeRef>30DE62CE-AE94-E919-26EB-85A9F605FEF1</attributeRef>
</usedAttributes>
</identifier>
</identifiers>
</Entity>
