<?xml version = '1.0' encoding = 'UTF-8'?>
<Entity class="oracle.dbtools.crest.model.design.logical.Entity" directorySegmentName="seg_0" id="7056FDF8-9ABE-E9C3-8450-141AC7D2DCB5" name="TRUCKTYPE">
<createdBy>Raveen Pieris</createdBy>
<createdTime>2025-09-10 01:58:04 UTC</createdTime>
<ownerDesignName>brm_logical_A1_T3</ownerDesignName>
<engineerTo>
<item key="A7865680-98CF-7CC2-F291-F629001BBB65" value="true"/>
</engineerTo>
<adequatelyNormalized>NO</adequatelyNormalized>
<expectedVolumes>0</expectedVolumes>
<fwdEngineeringStrategyName>Single Table</fwdEngineeringStrategyName>
<growthPercent>0</growthPercent>
<growthType>Year</growthType>
<maxVolumes>9999999</maxVolumes>
<minVolumes>0</minVolumes>
<normalForm>Third</normalForm>
<attributes itemClass="oracle.dbtools.crest.model.design.logical.Attribute">
<Attribute name="truck_manu" id="70AC3164-C7FB-EBE4-6115-8F3AF5A8C453">
<createdBy>Raveen Pieris</createdBy>
<createdTime>2025-09-10 01:58:29 UTC</createdTime>
<ownerDesignName>brm_logical_A1_T3</ownerDesignName>
<engineerTo>
<item key="A7865680-98CF-7CC2-F291-F629001BBB65" value="true"/>
</engineerTo>
<useDomainConstraints>false</useDomainConstraints>
<use>1</use>
<logicalDatatype>LOGDT024</logicalDatatype>
<dataTypeSize>30</dataTypeSize>
<ownDataTypeParameters>30,,</ownDataTypeParameters>
</Attribute>
<Attribute name="truck_model" id="9E8F520C-06D4-875E-35DF-93CC41CC5E00">
<createdBy>Raveen Pieris</createdBy>
<createdTime>2025-09-10 01:59:26 UTC</createdTime>
<ownerDesignName>brm_logical_A1_T3</ownerDesignName>
<engineerTo>
<item key="A7865680-98CF-7CC2-F291-F629001BBB65" value="true"/>
</engineerTo>
<useDomainConstraints>false</useDomainConstraints>
<use>1</use>
<logicalDatatype>LOGDT024</logicalDatatype>
<dataTypeSize>40</dataTypeSize>
<ownDataTypeParameters>40,,</ownDataTypeParameters>
</Attribute>
</attributes>
<identifiers itemClass="oracle.dbtools.crest.model.design.logical.CandidateKey">
<identifier id="32CF8F96-D5D4-267A-DFB8-D91118D5FDF1" name="TRUCKTYPE PK">
<createdBy>Raveen Pieris</createdBy>
<createdTime>2025-09-10 01:59:22 UTC</createdTime>
<ownerDesignName>brm_logical_A1_T3</ownerDesignName>
<engineerTo>
<item key="A7865680-98CF-7CC2-F291-F629001BBB65" value="true"/>
</engineerTo>
<pk>true</pk>
<usedAttributes>
<attributeRef>70AC3164-C7FB-EBE4-6115-8F3AF5A8C453</attributeRef>
<attributeRef>9E8F520C-06D4-875E-35DF-93CC41CC5E00</attributeRef>
</usedAttributes>
</identifier>
</identifiers>
</Entity>
