<?xml version = '1.0' encoding = 'UTF-8'?>
<Entity class="oracle.dbtools.crest.model.design.logical.Entity" directorySegmentName="seg_0" id="7583DE24-5926-A654-63C0-62D64E8A58BE" name="COMBINATIONS">
<createdBy>Raveen Pieris</createdBy>
<createdTime>2025-09-10 02:45:21 UTC</createdTime>
<ownerDesignName>brm_logical_A1_T3</ownerDesignName>
<engineerTo>
<item key="A7865680-98CF-7CC2-F291-F629001BBB65" value="true"/>
</engineerTo>
<adequatelyNormalized>NO</adequatelyNormalized>
<expectedVolumes>0</expectedVolumes>
<fwdEngineeringStrategyName>Single Table</fwdEngineeringStrategyName>
<growthPercent>0</growthPercent>
<growthType>Year</growthType>
<maxVolumes>9999999</maxVolumes>
<minVolumes>0</minVolumes>
<normalForm>Third</normalForm>
<attributes itemClass="oracle.dbtools.crest.model.design.logical.Attribute">
<Attribute name="comb_code" id="B2743CAB-F02A-6741-024D-A57FC764ACDC">
<createdBy>Raveen Pieris</createdBy>
<createdTime>2025-09-10 02:45:35 UTC</createdTime>
<ownerDesignName>brm_logical_A1_T3</ownerDesignName>
<engineerTo>
<item key="A7865680-98CF-7CC2-F291-F629001BBB65" value="true"/>
</engineerTo>
<useDomainConstraints>false</useDomainConstraints>
<use>1</use>
<logicalDatatype>LOGDT024</logicalDatatype>
<dataTypeSize>12</dataTypeSize>
<ownDataTypeParameters>12,,</ownDataTypeParameters>
</Attribute>
<Attribute name="trailer_code" id="57C14C68-1D58-4EF8-B1C6-7B3E330BA2D8">
<createdBy>Raveen Pieris</createdBy>
<createdTime>2025-09-10 02:46:41 UTC</createdTime>
<generatorID>6AA07088-C6E4-6665-2D18-CE7CACE2682C</generatorID>
<ownerDesignName>brm_logical_A1_T3</ownerDesignName>
<engineerTo>
<item key="A7865680-98CF-7CC2-F291-F629001BBB65" value="true"/>
</engineerTo>
<referedAttribute>BD9B63F6-8014-2873-30D8-68E31F29E73E</referedAttribute>
<useDomainConstraints>false</useDomainConstraints>
<use>1</use>
<logicalDatatype>LOGDT024</logicalDatatype>
<dataTypeSize>5</dataTypeSize>
<ownDataTypeParameters>5,,</ownDataTypeParameters>
</Attribute>
<Attribute name="VIN" id="B1248493-A223-844E-2827-131A7900CCA1">
<createdBy>Raveen Pieris</createdBy>
<createdTime>2025-09-10 02:47:02 UTC</createdTime>
<generatorID>0154FCCB-88D6-427A-21DC-723FF27EDC80</generatorID>
<ownerDesignName>brm_logical_A1_T3</ownerDesignName>
<engineerTo>
<item key="A7865680-98CF-7CC2-F291-F629001BBB65" value="true"/>
</engineerTo>
<referedAttribute>250492EE-C724-A49F-0801-FCEE9371A2E3</referedAttribute>
<useDomainConstraints>false</useDomainConstraints>
<use>1</use>
<logicalDatatype>LOGDT024</logicalDatatype>
<dataTypeSize>17</dataTypeSize>
<ownDataTypeParameters>17,,</ownDataTypeParameters>
</Attribute>
</attributes>
<identifiers itemClass="oracle.dbtools.crest.model.design.logical.CandidateKey">
<identifier id="1080EB3D-D525-E4BF-3890-6E0948856AFF" name="COMBINATIONS PK">
<createdBy>Raveen Pieris</createdBy>
<createdTime>2025-09-10 02:45:57 UTC</createdTime>
<ownerDesignName>brm_logical_A1_T3</ownerDesignName>
<shouldEngineer>false</shouldEngineer>
<engineerTo>
<item key="A7865680-98CF-7CC2-F291-F629001BBB65" value="false"/>
</engineerTo>
<pk>true</pk>
<usedAttributes>
<attributeRef>B2743CAB-F02A-6741-024D-A57FC764ACDC</attributeRef>
</usedAttributes>
</identifier>
</identifiers>
</Entity>
