<?xml version = '1.0' encoding = 'UTF-8'?>
<Entity class="oracle.dbtools.crest.model.design.logical.Entity" directorySegmentName="seg_0" id="78405F58-0B38-2515-A911-B57317E065F3" name="EMPLOYEE">
<createdBy>Raveen Pieris</createdBy>
<createdTime>2025-09-10 03:05:03 UTC</createdTime>
<ownerDesignName>brm_logical_A1_T3</ownerDesignName>
<engineerTo>
<item key="A7865680-98CF-7CC2-F291-F629001BBB65" value="true"/>
</engineerTo>
<adequatelyNormalized>NO</adequatelyNormalized>
<expectedVolumes>0</expectedVolumes>
<fwdEngineeringStrategyName>Single Table</fwdEngineeringStrategyName>
<growthPercent>0</growthPercent>
<growthType>Year</growthType>
<maxVolumes>9999999</maxVolumes>
<minVolumes>0</minVolumes>
<normalForm>Third</normalForm>
<attributes itemClass="oracle.dbtools.crest.model.design.logical.Attribute">
<Attribute name="given_name" id="C7A36DEF-3272-27C0-8EB8-71C723FC3B4B">
<createdBy>Raveen Pieris</createdBy>
<createdTime>2025-09-10 03:05:42 UTC</createdTime>
<ownerDesignName>brm_logical_A1_T3</ownerDesignName>
<engineerTo>
<item key="A7865680-98CF-7CC2-F291-F629001BBB65" value="true"/>
</engineerTo>
<useDomainConstraints>false</useDomainConstraints>
<use>1</use>
<logicalDatatype>LOGDT025</logicalDatatype>
<dataTypeSize>40</dataTypeSize>
<ownDataTypeParameters>40,,</ownDataTypeParameters>
</Attribute>
<Attribute name="family_name" id="7B5D682F-7A6A-5B5D-4D6A-1E55410C2F5C">
<createdBy>Raveen Pieris</createdBy>
<createdTime>2025-09-10 03:06:04 UTC</createdTime>
<ownerDesignName>brm_logical_A1_T3</ownerDesignName>
<engineerTo>
<item key="A7865680-98CF-7CC2-F291-F629001BBB65" value="true"/>
</engineerTo>
<useDomainConstraints>false</useDomainConstraints>
<use>1</use>
<logicalDatatype>LOGDT025</logicalDatatype>
<dataTypeSize>40</dataTypeSize>
<ownDataTypeParameters>40,,</ownDataTypeParameters>
</Attribute>
<Attribute name="contact_no" id="FAB40290-5857-9D28-F13C-C7D00ACA62E6">
<createdBy>Raveen Pieris</createdBy>
<createdTime>2025-09-10 03:06:28 UTC</createdTime>
<ownerDesignName>brm_logical_A1_T3</ownerDesignName>
<engineerTo>
<item key="A7865680-98CF-7CC2-F291-F629001BBB65" value="true"/>
</engineerTo>
<useDomainConstraints>false</useDomainConstraints>
<use>1</use>
<logicalDatatype>LOGDT019</logicalDatatype>
<dataTypePrecision>15</dataTypePrecision>
<ownDataTypeParameters>,15,</ownDataTypeParameters>
</Attribute>
<Attribute name="salary" id="9038597D-E20E-E136-89F6-062DDB2FC5D9">
<createdBy>Raveen Pieris</createdBy>
<createdTime>2025-09-10 03:06:52 UTC</createdTime>
<ownerDesignName>brm_logical_A1_T3</ownerDesignName>
<engineerTo>
<item key="A7865680-98CF-7CC2-F291-F629001BBB65" value="true"/>
</engineerTo>
<useDomainConstraints>false</useDomainConstraints>
<use>1</use>
<logicalDatatype>LOGDT019</logicalDatatype>
<dataTypePrecision>7</dataTypePrecision>
<dataTypeScale>2</dataTypeScale>
<ownDataTypeParameters>,7,2</ownDataTypeParameters>
</Attribute>
<Attribute name="TFN" id="B9578122-3F89-EF4B-3705-0FF65AF53B6B">
<createdBy>Raveen Pieris</createdBy>
<createdTime>2025-09-10 03:07:10 UTC</createdTime>
<ownerDesignName>brm_logical_A1_T3</ownerDesignName>
<engineerTo>
<item key="A7865680-98CF-7CC2-F291-F629001BBB65" value="true"/>
</engineerTo>
<useDomainConstraints>false</useDomainConstraints>
<use>1</use>
<logicalDatatype>LOGDT019</logicalDatatype>
<dataTypePrecision>9</dataTypePrecision>
<ownDataTypeParameters>,9,</ownDataTypeParameters>
</Attribute>
<Attribute name="licence_no" id="370A2BB1-3E1A-9BE0-8826-B169B5A57932">
<createdBy>Raveen Pieris</createdBy>
<createdTime>2025-09-10 03:09:25 UTC</createdTime>
<ownerDesignName>brm_logical_A1_T3</ownerDesignName>
<engineerTo>
<item key="A7865680-98CF-7CC2-F291-F629001BBB65" value="true"/>
</engineerTo>
<nullsAllowed>true</nullsAllowed>
<useDomainConstraints>false</useDomainConstraints>
<use>1</use>
<logicalDatatype>LOGDT024</logicalDatatype>
<dataTypeSize>20</dataTypeSize>
<ownDataTypeParameters>20,,</ownDataTypeParameters>
</Attribute>
<Attribute name="role_name" id="2BF55347-738D-F75B-E029-DE0D84BB0CDA">
<createdBy>Raveen Pieris</createdBy>
<createdTime>2025-09-10 03:12:22 UTC</createdTime>
<generatorID>24CEF07A-D8BC-75B5-2932-1F23469D07E1</generatorID>
<ownerDesignName>brm_logical_A1_T3</ownerDesignName>
<engineerTo>
<item key="A7865680-98CF-7CC2-F291-F629001BBB65" value="true"/>
</engineerTo>
<referedAttribute>9CB1F30D-9E0B-829A-EFB6-9E18F9B71FB2</referedAttribute>
<useDomainConstraints>false</useDomainConstraints>
<use>1</use>
<logicalDatatype>LOGDT024</logicalDatatype>
<dataTypeSize>16</dataTypeSize>
<ownDataTypeParameters>16,,</ownDataTypeParameters>
</Attribute>
<Attribute name="manager_emp_no" id="C0577B92-501F-843B-5B82-12C186328A5F">
<createdBy>Raveen Pieris</createdBy>
<createdTime>2025-09-11 03:37:09 UTC</createdTime>
<ownerDesignName>brm_logical_A1_T3</ownerDesignName>
<engineerTo>
<item key="A7865680-98CF-7CC2-F291-F629001BBB65" value="true"/>
</engineerTo>
<nullsAllowed>true</nullsAllowed>
<useDomainConstraints>false</useDomainConstraints>
<use>1</use>
<logicalDatatype>LOGDT019</logicalDatatype>
<dataTypePrecision>6</dataTypePrecision>
<ownDataTypeParameters>,6,</ownDataTypeParameters>
</Attribute>
<Attribute name="emp_no" id="A09EA684-235C-FACE-EC04-71D236F116A8">
<createdBy>Raveen Pieris</createdBy>
<createdTime>2025-09-11 03:56:38 UTC</createdTime>
<ownerDesignName>brm_logical_A1_T3</ownerDesignName>
<engineerTo>
<item key="A7865680-98CF-7CC2-F291-F629001BBB65" value="true"/>
</engineerTo>
<useDomainConstraints>false</useDomainConstraints>
<use>1</use>
<logicalDatatype>LOGDT019</logicalDatatype>
<dataTypePrecision>6</dataTypePrecision>
<ownDataTypeParameters>,6,</ownDataTypeParameters>
</Attribute>
<Attribute name="emp_no1" id="4BD9EFDF-07E4-D2E4-F295-F9D4D788750C">
<createdBy>Raveen Pieris</createdBy>
<createdTime>2025-09-11 04:20:36 UTC</createdTime>
<generatorID>C4C1E5D4-6F1F-54F6-06B7-639FCF381A5D</generatorID>
<ownerDesignName>brm_logical_A1_T3</ownerDesignName>
<engineerTo>
<item key="A7865680-98CF-7CC2-F291-F629001BBB65" value="true"/>
</engineerTo>
<nullsAllowed>true</nullsAllowed>
<referedAttribute>A09EA684-235C-FACE-EC04-71D236F116A8</referedAttribute>
<useDomainConstraints>false</useDomainConstraints>
<use>1</use>
<logicalDatatype>LOGDT019</logicalDatatype>
<dataTypePrecision>6</dataTypePrecision>
<ownDataTypeParameters>,6,</ownDataTypeParameters>
</Attribute>
</attributes>
<identifiers itemClass="oracle.dbtools.crest.model.design.logical.CandidateKey">
<identifier id="72606277-E40C-4F55-87B2-F1932BFC4B60" name="EMPLOYEE PK">
<createdBy>Raveen Pieris</createdBy>
<createdTime>2025-09-11 03:56:51 UTC</createdTime>
<ownerDesignName>brm_logical_A1_T3</ownerDesignName>
<shouldEngineer>false</shouldEngineer>
<engineerTo>
<item key="A7865680-98CF-7CC2-F291-F629001BBB65" value="false"/>
</engineerTo>
<pk>true</pk>
<usedAttributes>
<attributeRef>A09EA684-235C-FACE-EC04-71D236F116A8</attributeRef>
</usedAttributes>
</identifier>
</identifiers>
</Entity>
