<?xml version = '1.0' encoding = 'UTF-8'?>
<Entity class="oracle.dbtools.crest.model.design.logical.Entity" directorySegmentName="seg_0" id="8C6AA9A4-B28B-52E4-00D4-E32859C95D92" name="CUSTOMER">
<createdBy>Raveen Pieris</createdBy>
<createdTime>2025-09-11 01:11:55 UTC</createdTime>
<ownerDesignName>brm_logical_A1_T3</ownerDesignName>
<engineerTo>
<item key="A7865680-98CF-7CC2-F291-F629001BBB65" value="true"/>
</engineerTo>
<adequatelyNormalized>NO</adequatelyNormalized>
<expectedVolumes>0</expectedVolumes>
<fwdEngineeringStrategyName>Single Table</fwdEngineeringStrategyName>
<growthPercent>0</growthPercent>
<growthType>Year</growthType>
<maxVolumes>9999999</maxVolumes>
<minVolumes>0</minVolumes>
<normalForm>Third</normalForm>
<attributes itemClass="oracle.dbtools.crest.model.design.logical.Attribute">
<Attribute name="cust_no" id="ADD02F6C-8BFD-63D2-C621-90119CCD466A">
<createdBy>Raveen Pieris</createdBy>
<createdTime>2025-09-11 01:12:15 UTC</createdTime>
<ownerDesignName>brm_logical_A1_T3</ownerDesignName>
<engineerTo>
<item key="A7865680-98CF-7CC2-F291-F629001BBB65" value="true"/>
</engineerTo>
<useDomainConstraints>false</useDomainConstraints>
<use>1</use>
<logicalDatatype>LOGDT019</logicalDatatype>
<dataTypePrecision>6</dataTypePrecision>
<ownDataTypeParameters>,6,</ownDataTypeParameters>
</Attribute>
<Attribute name="given_name" id="56243687-8308-62D1-2C0F-FCB16AD1470E">
<createdBy>Raveen Pieris</createdBy>
<createdTime>2025-09-11 01:12:57 UTC</createdTime>
<ownerDesignName>brm_logical_A1_T3</ownerDesignName>
<engineerTo>
<item key="A7865680-98CF-7CC2-F291-F629001BBB65" value="true"/>
</engineerTo>
<useDomainConstraints>false</useDomainConstraints>
<use>1</use>
<logicalDatatype>LOGDT024</logicalDatatype>
<dataTypeSize>40</dataTypeSize>
<ownDataTypeParameters>40,,</ownDataTypeParameters>
</Attribute>
<Attribute name="family_name" id="0D8C501E-D330-07C8-1A47-39E7C748F25C">
<createdBy>Raveen Pieris</createdBy>
<createdTime>2025-09-11 01:13:15 UTC</createdTime>
<ownerDesignName>brm_logical_A1_T3</ownerDesignName>
<engineerTo>
<item key="A7865680-98CF-7CC2-F291-F629001BBB65" value="true"/>
</engineerTo>
<useDomainConstraints>false</useDomainConstraints>
<use>1</use>
<logicalDatatype>LOGDT024</logicalDatatype>
<dataTypeSize>40</dataTypeSize>
<ownDataTypeParameters>40,,</ownDataTypeParameters>
</Attribute>
<Attribute name="buisness_name" id="D8F4596A-5FD8-53C2-BBCE-5EC113C64C14">
<createdBy>Raveen Pieris</createdBy>
<createdTime>2025-09-11 01:13:29 UTC</createdTime>
<ownerDesignName>brm_logical_A1_T3</ownerDesignName>
<engineerTo>
<item key="A7865680-98CF-7CC2-F291-F629001BBB65" value="true"/>
</engineerTo>
<nullsAllowed>true</nullsAllowed>
<useDomainConstraints>false</useDomainConstraints>
<use>1</use>
<logicalDatatype>LOGDT024</logicalDatatype>
<dataTypeSize>40</dataTypeSize>
<ownDataTypeParameters>40,,</ownDataTypeParameters>
</Attribute>
<Attribute name="address" id="A4327160-82D6-0A7B-0D14-AAC060DFAD01">
<createdBy>Raveen Pieris</createdBy>
<createdTime>2025-09-11 01:13:46 UTC</createdTime>
<ownerDesignName>brm_logical_A1_T3</ownerDesignName>
<engineerTo>
<item key="A7865680-98CF-7CC2-F291-F629001BBB65" value="true"/>
</engineerTo>
<useDomainConstraints>false</useDomainConstraints>
<use>1</use>
<logicalDatatype>LOGDT024</logicalDatatype>
<dataTypeSize>200</dataTypeSize>
<ownDataTypeParameters>200,,</ownDataTypeParameters>
</Attribute>
<Attribute name="contact_no" id="87E7548C-EC25-7192-4A6B-92E3BA260D17">
<createdBy>Raveen Pieris</createdBy>
<createdTime>2025-09-11 01:14:07 UTC</createdTime>
<ownerDesignName>brm_logical_A1_T3</ownerDesignName>
<engineerTo>
<item key="A7865680-98CF-7CC2-F291-F629001BBB65" value="true"/>
</engineerTo>
<useDomainConstraints>false</useDomainConstraints>
<use>1</use>
<logicalDatatype>LOGDT019</logicalDatatype>
<dataTypePrecision>20</dataTypePrecision>
<ownDataTypeParameters>,20,</ownDataTypeParameters>
</Attribute>
</attributes>
<identifiers itemClass="oracle.dbtools.crest.model.design.logical.CandidateKey">
<identifier id="3D5D0E35-41D2-1234-80DA-8977C557241B" name="CUSTOMER PK">
<createdBy>Raveen Pieris</createdBy>
<createdTime>2025-09-11 01:12:52 UTC</createdTime>
<ownerDesignName>brm_logical_A1_T3</ownerDesignName>
<shouldEngineer>false</shouldEngineer>
<engineerTo>
<item key="A7865680-98CF-7CC2-F291-F629001BBB65" value="false"/>
</engineerTo>
<pk>true</pk>
<usedAttributes>
<attributeRef>ADD02F6C-8BFD-63D2-C621-90119CCD466A</attributeRef>
</usedAttributes>
</identifier>
</identifiers>
</Entity>
