<?xml version = '1.0' encoding = 'UTF-8'?>
<Entity class="oracle.dbtools.crest.model.design.logical.Entity" directorySegmentName="seg_0" id="920141E3-757C-B148-3981-CAE0FE93D9EF" name="QUOTE ">
<createdBy>Raveen Pieris</createdBy>
<createdTime>2025-09-11 01:14:44 UTC</createdTime>
<ownerDesignName>brm_logical_A1_T3</ownerDesignName>
<engineerTo>
<item key="A7865680-98CF-7CC2-F291-F629001BBB65" value="true"/>
</engineerTo>
<adequatelyNormalized>NO</adequatelyNormalized>
<expectedVolumes>0</expectedVolumes>
<fwdEngineeringStrategyName>Single Table</fwdEngineeringStrategyName>
<growthPercent>0</growthPercent>
<growthType>Year</growthType>
<maxVolumes>9999999</maxVolumes>
<minVolumes>0</minVolumes>
<normalForm>Third</normalForm>
<attributes itemClass="oracle.dbtools.crest.model.design.logical.Attribute">
<Attribute name="quote_no" id="FCE33C25-659B-1560-A736-D5293CCC075B">
<createdBy>Raveen Pieris</createdBy>
<createdTime>2025-09-11 01:22:35 UTC</createdTime>
<ownerDesignName>brm_logical_A1_T3</ownerDesignName>
<engineerTo>
<item key="A7865680-98CF-7CC2-F291-F629001BBB65" value="true"/>
</engineerTo>
<useDomainConstraints>false</useDomainConstraints>
<use>1</use>
<logicalDatatype>LOGDT019</logicalDatatype>
<dataTypePrecision>6</dataTypePrecision>
<ownDataTypeParameters>,6,</ownDataTypeParameters>
</Attribute>
<Attribute name="prepared_dt" id="8DC2A18B-9B15-920D-9967-A49FC81B94F0">
<createdBy>Raveen Pieris</createdBy>
<createdTime>2025-09-11 01:22:49 UTC</createdTime>
<ownerDesignName>brm_logical_A1_T3</ownerDesignName>
<engineerTo>
<item key="A7865680-98CF-7CC2-F291-F629001BBB65" value="true"/>
</engineerTo>
<useDomainConstraints>false</useDomainConstraints>
<use>1</use>
<logicalDatatype>LOGDT007</logicalDatatype>
<ownDataTypeParameters>,,</ownDataTypeParameters>
</Attribute>
<Attribute name="prefer_start_dt" id="04C143EA-0CF3-6455-75F5-0AADFCBC7DAA">
<createdBy>Raveen Pieris</createdBy>
<createdTime>2025-09-11 01:23:03 UTC</createdTime>
<ownerDesignName>brm_logical_A1_T3</ownerDesignName>
<engineerTo>
<item key="A7865680-98CF-7CC2-F291-F629001BBB65" value="true"/>
</engineerTo>
<useDomainConstraints>false</useDomainConstraints>
<use>1</use>
<logicalDatatype>LOGDT007</logicalDatatype>
<ownDataTypeParameters>,,</ownDataTypeParameters>
</Attribute>
<Attribute name="pickup_location" id="47BB230F-D042-52E3-EE83-630419F9DF9E">
<createdBy>Raveen Pieris</createdBy>
<createdTime>2025-09-11 01:23:21 UTC</createdTime>
<ownerDesignName>brm_logical_A1_T3</ownerDesignName>
<engineerTo>
<item key="A7865680-98CF-7CC2-F291-F629001BBB65" value="true"/>
</engineerTo>
<useDomainConstraints>false</useDomainConstraints>
<use>1</use>
<logicalDatatype>LOGDT024</logicalDatatype>
<dataTypeSize>200</dataTypeSize>
<ownDataTypeParameters>200,,</ownDataTypeParameters>
</Attribute>
<Attribute name="dropof_location" id="2A9B1077-A65F-42A0-3D5C-6882332F1D17">
<createdBy>Raveen Pieris</createdBy>
<createdTime>2025-09-11 01:23:39 UTC</createdTime>
<ownerDesignName>brm_logical_A1_T3</ownerDesignName>
<engineerTo>
<item key="A7865680-98CF-7CC2-F291-F629001BBB65" value="true"/>
</engineerTo>
<useDomainConstraints>false</useDomainConstraints>
<use>1</use>
<logicalDatatype>LOGDT024</logicalDatatype>
<dataTypeSize>200</dataTypeSize>
<ownDataTypeParameters>200,,</ownDataTypeParameters>
</Attribute>
<Attribute name="quote_cost" id="8E8B279B-563B-133B-7F29-F042DF6399A1">
<createdBy>Raveen Pieris</createdBy>
<createdTime>2025-09-11 01:23:55 UTC</createdTime>
<ownerDesignName>brm_logical_A1_T3</ownerDesignName>
<engineerTo>
<item key="A7865680-98CF-7CC2-F291-F629001BBB65" value="true"/>
</engineerTo>
<useDomainConstraints>false</useDomainConstraints>
<use>1</use>
<logicalDatatype>LOGDT019</logicalDatatype>
<dataTypePrecision>10</dataTypePrecision>
<dataTypeScale>2</dataTypeScale>
<ownDataTypeParameters>,10,2</ownDataTypeParameters>
</Attribute>
<Attribute name="cust_no" id="A5C311B5-5143-CC25-2E89-FD5A6F375173">
<createdBy>Raveen Pieris</createdBy>
<createdTime>2025-09-11 01:33:40 UTC</createdTime>
<generatorID>487B8D8A-42A3-A93B-E510-61954BBB70BD</generatorID>
<ownerDesignName>brm_logical_A1_T3</ownerDesignName>
<engineerTo>
<item key="A7865680-98CF-7CC2-F291-F629001BBB65" value="true"/>
</engineerTo>
<referedAttribute>ADD02F6C-8BFD-63D2-C621-90119CCD466A</referedAttribute>
<useDomainConstraints>false</useDomainConstraints>
<use>1</use>
<logicalDatatype>LOGDT019</logicalDatatype>
<dataTypePrecision>6</dataTypePrecision>
<ownDataTypeParameters>,6,</ownDataTypeParameters>
</Attribute>
<Attribute name="purp_no" id="068245C0-740C-7AE1-45DA-FD1EB2935B57">
<createdBy>Raveen Pieris</createdBy>
<createdTime>2025-09-11 01:44:07 UTC</createdTime>
<generatorID>27921CC6-487A-CAAF-93A8-6BE0FB9F8049</generatorID>
<ownerDesignName>brm_logical_A1_T3</ownerDesignName>
<engineerTo>
<item key="A7865680-98CF-7CC2-F291-F629001BBB65" value="true"/>
</engineerTo>
<referedAttribute>0093B00E-BBBD-754A-5674-60A825A8E9EE</referedAttribute>
<useDomainConstraints>false</useDomainConstraints>
<use>1</use>
<logicalDatatype>LOGDT019</logicalDatatype>
<dataTypePrecision>6</dataTypePrecision>
<ownDataTypeParameters>,6,</ownDataTypeParameters>
</Attribute>
<Attribute name="emp_no" id="65B73AE1-661C-BADF-66A2-1A8E977D80F8">
<createdBy>Raveen Pieris</createdBy>
<createdTime>2025-09-11 03:58:10 UTC</createdTime>
<generatorID>F83EB168-6C08-8D0B-7BD5-25A55F4B05ED</generatorID>
<ownerDesignName>brm_logical_A1_T3</ownerDesignName>
<engineerTo>
<item key="A7865680-98CF-7CC2-F291-F629001BBB65" value="true"/>
</engineerTo>
<referedAttribute>A09EA684-235C-FACE-EC04-71D236F116A8</referedAttribute>
<useDomainConstraints>false</useDomainConstraints>
<use>1</use>
<logicalDatatype>LOGDT019</logicalDatatype>
<dataTypePrecision>6</dataTypePrecision>
<ownDataTypeParameters>,6,</ownDataTypeParameters>
</Attribute>
</attributes>
<identifiers itemClass="oracle.dbtools.crest.model.design.logical.CandidateKey">
<identifier id="7A2AFCF0-A974-BEA7-BBCA-CDB4337A7998" name="QUOTE PK">
<createdBy>Raveen Pieris</createdBy>
<createdTime>2025-09-11 01:22:33 UTC</createdTime>
<ownerDesignName>brm_logical_A1_T3</ownerDesignName>
<shouldEngineer>false</shouldEngineer>
<engineerTo>
<item key="A7865680-98CF-7CC2-F291-F629001BBB65" value="false"/>
</engineerTo>
<pk>true</pk>
<usedAttributes>
<attributeRef>FCE33C25-659B-1560-A736-D5293CCC075B</attributeRef>
</usedAttributes>
</identifier>
</identifiers>
</Entity>
