<?xml version = '1.0' encoding = 'UTF-8'?>
<Entity class="oracle.dbtools.crest.model.design.logical.Entity" directorySegmentName="seg_0" id="A639B9F7-75C8-83BD-5105-462A7B515C91" name="JOBCERT">
<createdBy>Raveen Pieris</createdBy>
<createdTime>2025-09-11 02:53:24 UTC</createdTime>
<ownerDesignName>brm_logical_A1_T3</ownerDesignName>
<engineerTo>
<item key="A7865680-98CF-7CC2-F291-F629001BBB65" value="true"/>
</engineerTo>
<adequatelyNormalized>NO</adequatelyNormalized>
<expectedVolumes>0</expectedVolumes>
<fwdEngineeringStrategyName>Single Table</fwdEngineeringStrategyName>
<growthPercent>0</growthPercent>
<growthType>Year</growthType>
<maxVolumes>9999999</maxVolumes>
<minVolumes>0</minVolumes>
<normalForm>Third</normalForm>
<attributes itemClass="oracle.dbtools.crest.model.design.logical.Attribute">
<Attribute name="jobcert_id" id="DFC4FA0A-3083-7473-2B03-A57EFAAB6DD1">
<createdBy>Raveen Pieris</createdBy>
<createdTime>2025-09-11 02:53:52 UTC</createdTime>
<ownerDesignName>brm_logical_A1_T3</ownerDesignName>
<engineerTo>
<item key="A7865680-98CF-7CC2-F291-F629001BBB65" value="true"/>
</engineerTo>
<useDomainConstraints>false</useDomainConstraints>
<use>1</use>
<logicalDatatype>LOGDT019</logicalDatatype>
<dataTypePrecision>6</dataTypePrecision>
<ownDataTypeParameters>,6,</ownDataTypeParameters>
</Attribute>
<Attribute name="job_no" id="00F3D795-CAC2-ABD4-2F36-35CD568DF1DB">
<createdBy>Raveen Pieris</createdBy>
<createdTime>2025-09-11 02:56:41 UTC</createdTime>
<generatorID>1CFF3CC5-7CB2-909F-B23E-C69782F5C289</generatorID>
<ownerDesignName>brm_logical_A1_T3</ownerDesignName>
<engineerTo>
<item key="A7865680-98CF-7CC2-F291-F629001BBB65" value="true"/>
</engineerTo>
<referedAttribute>085250E2-1DAE-C16A-29D4-81C1E0FF3263</referedAttribute>
<useDomainConstraints>false</useDomainConstraints>
<use>1</use>
<logicalDatatype>LOGDT024</logicalDatatype>
<dataTypeSize>10</dataTypeSize>
<ownDataTypeParameters>10,,</ownDataTypeParameters>
</Attribute>
<Attribute name="emp_no" id="0EEDC9CB-55BE-1D1B-1202-54DA9331DECE">
<createdBy>Raveen Pieris</createdBy>
<createdTime>2025-09-11 03:58:47 UTC</createdTime>
<generatorID>8680AB9B-214B-D2E5-D592-177D1E5966BD</generatorID>
<ownerDesignName>brm_logical_A1_T3</ownerDesignName>
<engineerTo>
<item key="A7865680-98CF-7CC2-F291-F629001BBB65" value="true"/>
</engineerTo>
<referedAttribute>A09EA684-235C-FACE-EC04-71D236F116A8</referedAttribute>
<useDomainConstraints>false</useDomainConstraints>
<use>1</use>
<logicalDatatype>LOGDT019</logicalDatatype>
<dataTypePrecision>6</dataTypePrecision>
<ownDataTypeParameters>,6,</ownDataTypeParameters>
</Attribute>
</attributes>
<identifiers itemClass="oracle.dbtools.crest.model.design.logical.CandidateKey">
<identifier id="01BC405E-F5F0-6043-B6CA-B309825B210C" name="JOBCERT PK">
<createdBy>Raveen Pieris</createdBy>
<createdTime>2025-09-11 02:54:04 UTC</createdTime>
<ownerDesignName>brm_logical_A1_T3</ownerDesignName>
<shouldEngineer>false</shouldEngineer>
<engineerTo>
<item key="A7865680-98CF-7CC2-F291-F629001BBB65" value="false"/>
</engineerTo>
<pk>true</pk>
<usedAttributes>
<attributeRef>DFC4FA0A-3083-7473-2B03-A57EFAAB6DD1</attributeRef>
</usedAttributes>
</identifier>
<identifier id="44DEFB22-E2D8-04BF-0A11-0C8DC965B2B6" name="Key_2">
<createdBy>Raveen Pieris</createdBy>
<createdTime>2025-09-11 03:05:41 UTC</createdTime>
<ownerDesignName>brm_logical_A1_T3</ownerDesignName>
<shouldEngineer>false</shouldEngineer>
<engineerTo>
<item key="A7865680-98CF-7CC2-F291-F629001BBB65" value="false"/>
</engineerTo>
<newElementsIDs>00F3D795-CAC2-ABD4-2F36-35CD568DF1DB,69C01105-2405-0A82-3A7A-6E39CB02067A</newElementsIDs>
<usedAttributes>
<attributeRef>00F3D795-CAC2-ABD4-2F36-35CD568DF1DB</attributeRef>
</usedAttributes>
</identifier>
</identifiers>
</Entity>
