<?xml version = '1.0' encoding = 'UTF-8'?>
<Entity class="oracle.dbtools.crest.model.design.logical.Entity" directorySegmentName="seg_0" id="B1DD9DD5-CA25-A160-BEE5-5D5396E816FA" name="COMBINATION_RATE">
<createdBy>Raveen Pieris</createdBy>
<createdTime>2025-09-11 01:59:29 UTC</createdTime>
<ownerDesignName>brm_logical_A1_T3</ownerDesignName>
<engineerTo>
<item key="A7865680-98CF-7CC2-F291-F629001BBB65" value="true"/>
</engineerTo>
<adequatelyNormalized>NO</adequatelyNormalized>
<expectedVolumes>0</expectedVolumes>
<fwdEngineeringStrategyName>Single Table</fwdEngineeringStrategyName>
<growthPercent>0</growthPercent>
<growthType>Year</growthType>
<maxVolumes>9999999</maxVolumes>
<minVolumes>0</minVolumes>
<normalForm>Third</normalForm>
<attributes itemClass="oracle.dbtools.crest.model.design.logical.Attribute">
<Attribute name="comb_hire_rate" id="72B82F21-E866-3278-E298-5AE388F320C8">
<createdBy>Raveen Pieris</createdBy>
<createdTime>2025-09-11 02:00:50 UTC</createdTime>
<ownerDesignName>brm_logical_A1_T3</ownerDesignName>
<engineerTo>
<item key="A7865680-98CF-7CC2-F291-F629001BBB65" value="true"/>
</engineerTo>
<useDomainConstraints>false</useDomainConstraints>
<use>1</use>
<logicalDatatype>LOGDT019</logicalDatatype>
<dataTypePrecision>9</dataTypePrecision>
<dataTypeScale>2</dataTypeScale>
<ownDataTypeParameters>,9,2</ownDataTypeParameters>
</Attribute>
<Attribute name="purp_no" id="D2287685-E3A3-CA06-843C-EBE52C106A28">
<createdBy>Raveen Pieris</createdBy>
<createdTime>2025-09-11 02:24:01 UTC</createdTime>
<generatorID>A823AA09-3084-F0D3-70B6-08009DB16950</generatorID>
<ownerDesignName>brm_logical_A1_T3</ownerDesignName>
<engineerTo>
<item key="A7865680-98CF-7CC2-F291-F629001BBB65" value="true"/>
</engineerTo>
<referedAttribute>0093B00E-BBBD-754A-5674-60A825A8E9EE</referedAttribute>
<useDomainConstraints>false</useDomainConstraints>
<use>1</use>
<logicalDatatype>LOGDT019</logicalDatatype>
<dataTypePrecision>6</dataTypePrecision>
<ownDataTypeParameters>,6,</ownDataTypeParameters>
</Attribute>
<Attribute name="comb_code" id="2723681E-31FE-A1E2-04D3-277675D044A2">
<createdBy>Raveen Pieris</createdBy>
<createdTime>2025-09-11 02:24:17 UTC</createdTime>
<generatorID>DAC81DB2-11D1-C850-B73A-D8E306019D59</generatorID>
<ownerDesignName>brm_logical_A1_T3</ownerDesignName>
<engineerTo>
<item key="A7865680-98CF-7CC2-F291-F629001BBB65" value="true"/>
</engineerTo>
<referedAttribute>B2743CAB-F02A-6741-024D-A57FC764ACDC</referedAttribute>
<useDomainConstraints>false</useDomainConstraints>
<use>1</use>
<logicalDatatype>LOGDT024</logicalDatatype>
<dataTypeSize>12</dataTypeSize>
<ownDataTypeParameters>12,,</ownDataTypeParameters>
</Attribute>
</attributes>
<identifiers itemClass="oracle.dbtools.crest.model.design.logical.CandidateKey">
<identifier id="5BE6C978-DAA1-2F27-3C06-5E9A244765B1" name="COMBINATION_RATE PK">
<createdBy>Raveen Pieris</createdBy>
<createdTime>2025-09-11 02:00:11 UTC</createdTime>
<ownerDesignName>brm_logical_A1_T3</ownerDesignName>
<shouldEngineer>false</shouldEngineer>
<engineerTo>
<item key="A7865680-98CF-7CC2-F291-F629001BBB65" value="false"/>
</engineerTo>
<pk>true</pk>
<usedAttributes>
<attributeRef>D2287685-E3A3-CA06-843C-EBE52C106A28</attributeRef>
<attributeRef>2723681E-31FE-A1E2-04D3-277675D044A2</attributeRef>
</usedAttributes>
</identifier>
</identifiers>
</Entity>
