<?xml version = '1.0' encoding = 'UTF-8'?>
<Entity class="oracle.dbtools.crest.model.design.logical.Entity" directorySegmentName="seg_0" id="EA6DEDFE-0D16-5870-5E82-5C1E959C31D7" name="TRAILER">
<createdBy>Raveen Pieris</createdBy>
<createdTime>2025-09-10 02:36:54 UTC</createdTime>
<ownerDesignName>brm_logical_A1_T3</ownerDesignName>
<engineerTo>
<item key="A7865680-98CF-7CC2-F291-F629001BBB65" value="true"/>
</engineerTo>
<adequatelyNormalized>NO</adequatelyNormalized>
<expectedVolumes>0</expectedVolumes>
<fwdEngineeringStrategyName>Single Table</fwdEngineeringStrategyName>
<growthPercent>0</growthPercent>
<growthType>Year</growthType>
<maxVolumes>9999999</maxVolumes>
<minVolumes>0</minVolumes>
<normalForm>Third</normalForm>
<attributes itemClass="oracle.dbtools.crest.model.design.logical.Attribute">
<Attribute name="trailer_code" id="BD9B63F6-8014-2873-30D8-68E31F29E73E">
<createdBy>Raveen Pieris</createdBy>
<createdTime>2025-09-10 02:39:51 UTC</createdTime>
<ownerDesignName>brm_logical_A1_T3</ownerDesignName>
<engineerTo>
<item key="A7865680-98CF-7CC2-F291-F629001BBB65" value="true"/>
</engineerTo>
<useDomainConstraints>false</useDomainConstraints>
<use>1</use>
<logicalDatatype>LOGDT024</logicalDatatype>
<dataTypeSize>5</dataTypeSize>
<ownDataTypeParameters>5,,</ownDataTypeParameters>
</Attribute>
<Attribute name="purch_date" id="99CC5A05-0DB4-D7A5-BA14-74EB0058AC5E">
<createdBy>Raveen Pieris</createdBy>
<createdTime>2025-09-10 02:40:08 UTC</createdTime>
<ownerDesignName>brm_logical_A1_T3</ownerDesignName>
<engineerTo>
<item key="A7865680-98CF-7CC2-F291-F629001BBB65" value="true"/>
</engineerTo>
<useDomainConstraints>false</useDomainConstraints>
<use>1</use>
<logicalDatatype>LOGDT007</logicalDatatype>
<ownDataTypeParameters>,,</ownDataTypeParameters>
</Attribute>
<Attribute name="purch_price" id="57AADB9F-41F1-3075-B9AF-2AC61AB378BA">
<createdBy>Raveen Pieris</createdBy>
<createdTime>2025-09-10 02:40:30 UTC</createdTime>
<ownerDesignName>brm_logical_A1_T3</ownerDesignName>
<engineerTo>
<item key="A7865680-98CF-7CC2-F291-F629001BBB65" value="true"/>
</engineerTo>
<useDomainConstraints>false</useDomainConstraints>
<use>1</use>
<logicalDatatype>LOGDT019</logicalDatatype>
<dataTypePrecision>10</dataTypePrecision>
<dataTypeScale>2</dataTypeScale>
<ownDataTypeParameters>,10,2</ownDataTypeParameters>
</Attribute>
<Attribute name="trailerdecom_date" id="8DFEBC80-844C-D80F-A9A2-78BDFE62BE40">
<createdBy>Raveen Pieris</createdBy>
<createdTime>2025-09-10 02:40:49 UTC</createdTime>
<ownerDesignName>brm_logical_A1_T3</ownerDesignName>
<engineerTo>
<item key="A7865680-98CF-7CC2-F291-F629001BBB65" value="true"/>
</engineerTo>
<nullsAllowed>true</nullsAllowed>
<useDomainConstraints>false</useDomainConstraints>
<use>1</use>
<logicalDatatype>LOGDT007</logicalDatatype>
<ownDataTypeParameters>,,</ownDataTypeParameters>
</Attribute>
<Attribute name="trailer_model" id="0D04B312-6BE7-D75C-6AEB-D4B41D2E33CB">
<createdBy>Raveen Pieris</createdBy>
<createdTime>2025-09-10 02:41:42 UTC</createdTime>
<generatorID>5BBA0DA1-EA11-8888-F8EA-2464B7C4B608</generatorID>
<ownerDesignName>brm_logical_A1_T3</ownerDesignName>
<engineerTo>
<item key="A7865680-98CF-7CC2-F291-F629001BBB65" value="true"/>
</engineerTo>
<referedAttribute>91C5615D-1EA2-4231-6428-BDD2DE1C4589</referedAttribute>
<useDomainConstraints>false</useDomainConstraints>
<use>1</use>
<logicalDatatype>LOGDT024</logicalDatatype>
<dataTypeSize>40</dataTypeSize>
<ownDataTypeParameters>40,,</ownDataTypeParameters>
</Attribute>
<Attribute name="trailer_manu" id="BD5B6B44-AD35-42B0-9151-C7C11A0F7DFF">
<createdBy>Raveen Pieris</createdBy>
<createdTime>2025-09-10 02:41:42 UTC</createdTime>
<generatorID>5BBA0DA1-EA11-8888-F8EA-2464B7C4B608</generatorID>
<ownerDesignName>brm_logical_A1_T3</ownerDesignName>
<engineerTo>
<item key="A7865680-98CF-7CC2-F291-F629001BBB65" value="true"/>
</engineerTo>
<referedAttribute>30DE62CE-AE94-E919-26EB-85A9F605FEF1</referedAttribute>
<useDomainConstraints>false</useDomainConstraints>
<use>1</use>
<logicalDatatype>LOGDT024</logicalDatatype>
<dataTypeSize>30</dataTypeSize>
<ownDataTypeParameters>30,,</ownDataTypeParameters>
</Attribute>
</attributes>
<identifiers itemClass="oracle.dbtools.crest.model.design.logical.CandidateKey">
<identifier id="A1621C0E-F7BD-8357-445D-3102FCB57C83" name="TRAILER PK">
<createdBy>Raveen Pieris</createdBy>
<createdTime>2025-09-10 02:40:06 UTC</createdTime>
<ownerDesignName>brm_logical_A1_T3</ownerDesignName>
<engineerTo>
<item key="A7865680-98CF-7CC2-F291-F629001BBB65" value="true"/>
</engineerTo>
<pk>true</pk>
<usedAttributes>
<attributeRef>BD9B63F6-8014-2873-30D8-68E31F29E73E</attributeRef>
</usedAttributes>
</identifier>
</identifiers>
</Entity>
