<?xml version = '1.0' encoding = 'UTF-8'?>
<Diagram class="oracle.dbtools.crest.swingui.logical.DPVLogical" name="Logical" id="270620DE-D0BE-6EDA-095E-88DB916EC1EE">
<createdBy>Raveen Pieris</createdBy>
<modifiedBy>Raveen Pieris</modifiedBy>
<createdTime>2025-09-10 01:35:33 UTC</createdTime>
<autoRoute>false</autoRoute>
<boxInbox>true</boxInbox>
<showLegend>false</showLegend>
<showLabels>false</showLabels>
<showRelAttributes>false</showRelAttributes>
<gridEnabled>false</gridEnabled>
<showGrid>false</showGrid>
<diagramColor>-1</diagramColor>
<display>false</display>
<notation>2</notation>
<objectViews>
<OView class="oracle.dbtools.crest.swingui.logical.TVEntity" oid="0E2FCC05-968D-5B4A-62B1-63D5BA16CE45" otype="Entity" vid="AC8CE861-ABE5-4073-D4F8-78C29513FA63">
<hideElementsInCurrentOnly>false</hideElementsInCurrentOnly>
<bounds x="670" y="524" width="198" height="163"/>
</OView>
<OView class="oracle.dbtools.crest.swingui.logical.TVEntity" oid="1135606E-9069-AED8-29EF-1E5AF0C278DC" otype="Entity" vid="42EF3AAC-27A2-72A9-8B4A-1BC8A1EED6E8">
<hideElementsInCurrentOnly>false</hideElementsInCurrentOnly>
<bounds x="33" y="874" width="258" height="131"/>
</OView>
<OView class="oracle.dbtools.crest.swingui.logical.TVEntity" oid="3FDEC76A-84E2-15D7-44FA-432E4B4D8974" otype="Entity" vid="EE6D1AC5-9889-4687-DE7B-6AEB9C90F347">
<hideElementsInCurrentOnly>false</hideElementsInCurrentOnly>
<bounds x="411" y="716" width="272" height="195"/>
</OView>
<OView class="oracle.dbtools.crest.swingui.logical.TVEntity" oid="7056FDF8-9ABE-E9C3-8450-141AC7D2DCB5" otype="Entity" vid="ACD79205-B3E6-8419-780A-24471B1EA27A">
<hideElementsInCurrentOnly>false</hideElementsInCurrentOnly>
<bounds x="46" y="642" width="230" height="117"/>
</OView>
<OView class="oracle.dbtools.crest.swingui.logical.TVEntity" oid="7583DE24-5926-A654-63C0-62D64E8A58BE" otype="Entity" vid="DD428570-2EBB-EAD6-771C-85C92BEB92FD">
<hideElementsInCurrentOnly>false</hideElementsInCurrentOnly>
<bounds x="747" y="776" width="205" height="110"/>
</OView>
<OView class="oracle.dbtools.crest.swingui.logical.TVEntity" oid="78405F58-0B38-2515-A911-B57317E065F3" otype="Entity" vid="27188901-9960-AA78-1A8E-C0D677923554">
<hideElementsInCurrentOnly>false</hideElementsInCurrentOnly>
<bounds x="357" y="224" width="329" height="225"/>
</OView>
<OView class="oracle.dbtools.crest.swingui.logical.TVEntity" oid="8C6AA9A4-B28B-52E4-00D4-E32859C95D92" otype="Entity" vid="9E5495AC-F380-935C-4DFF-62062035E67D">
<hideElementsInCurrentOnly>false</hideElementsInCurrentOnly>
<bounds x="1234" y="273" width="205" height="138"/>
</OView>
<OView class="oracle.dbtools.crest.swingui.logical.TVEntity" oid="920141E3-757C-B148-3981-CAE0FE93D9EF" otype="Entity" vid="9F9497C6-83D1-DAC7-A276-DFE92D0A4F2E">
<hideElementsInCurrentOnly>false</hideElementsInCurrentOnly>
<bounds x="866" y="238" width="303" height="220"/>
</OView>
<OView class="oracle.dbtools.crest.swingui.logical.TVEntity" oid="A28E1438-1211-F5D8-7AEB-2B09F542FA9E" otype="Entity" vid="45798828-491F-7344-EE44-0D62F4CDB9A8">
<hideElementsInCurrentOnly>false</hideElementsInCurrentOnly>
<bounds x="69" y="292" width="176" height="96"/>
</OView>
<OView class="oracle.dbtools.crest.swingui.logical.TVEntity" oid="A639B9F7-75C8-83BD-5105-462A7B515C91" otype="Entity" vid="A6CB532C-BD0B-E538-4F4A-92D2D6D3FE84">
<hideElementsInCurrentOnly>false</hideElementsInCurrentOnly>
<bounds x="401" y="558" width="170" height="110"/>
</OView>
<OView class="oracle.dbtools.crest.swingui.logical.TVEntity" oid="B1DD9DD5-CA25-A160-BEE5-5D5396E816FA" otype="Entity" vid="BF66C455-2F5B-4AC2-C069-BF65BB25119F">
<hideElementsInCurrentOnly>false</hideElementsInCurrentOnly>
<bounds x="1062" y="699" width="262" height="110"/>
</OView>
<OView class="oracle.dbtools.crest.swingui.logical.TVEntity" oid="D2B93E01-6E5F-C3B7-A26B-D90BCAD80D71" otype="Entity" vid="80E12315-CCA1-B9C6-D1CC-0DA7967622E6">
<hideElementsInCurrentOnly>false</hideElementsInCurrentOnly>
<bounds x="1016" y="559" width="168" height="85"/>
</OView>
<OView class="oracle.dbtools.crest.swingui.logical.TVEntity" oid="EA6DEDFE-0D16-5870-5E82-5C1E959C31D7" otype="Entity" vid="4D845E88-14F8-5FF7-9F94-E331286FB28E">
<hideElementsInCurrentOnly>false</hideElementsInCurrentOnly>
<bounds x="527" y="959" width="246" height="148"/>
</OView>
</objectViews>
<connectors>
<Connector class="oracle.dbtools.crest.swingui.logical.TVRelation" oid="0154FCCB-88D6-427A-21DC-723FF27EDC80" otype="Relation" vid_source="EE6D1AC5-9889-4687-DE7B-6AEB9C90F347" vid_target="DD428570-2EBB-EAD6-771C-85C92BEB92FD">
<hideElementsInCurrentOnly>false</hideElementsInCurrentOnly>
<backgroundColor>-16777216</backgroundColor>
<lineWidth>1</lineWidth>
<points>
<point x="683" y="831"/>
<point x="747" y="831"/>
</points>
</Connector>
<Connector class="oracle.dbtools.crest.swingui.logical.TVRelation" oid="1CFF3CC5-7CB2-909F-B23E-C69782F5C289" otype="Relation" vid_source="AC8CE861-ABE5-4073-D4F8-78C29513FA63" vid_target="A6CB532C-BD0B-E538-4F4A-92D2D6D3FE84">
<hideElementsInCurrentOnly>false</hideElementsInCurrentOnly>
<backgroundColor>-16777216</backgroundColor>
<lineWidth>1</lineWidth>
<points>
<point x="670" y="613"/>
<point x="571" y="613"/>
</points>
</Connector>
<Connector class="oracle.dbtools.crest.swingui.logical.TVRelation" oid="24CEF07A-D8BC-75B5-2932-1F23469D07E1" otype="Relation" vid_source="45798828-491F-7344-EE44-0D62F4CDB9A8" vid_target="27188901-9960-AA78-1A8E-C0D677923554">
<hideElementsInCurrentOnly>false</hideElementsInCurrentOnly>
<backgroundColor>-16777216</backgroundColor>
<lineWidth>1</lineWidth>
<points>
<point x="245" y="340"/>
<point x="357" y="340"/>
</points>
</Connector>
<Connector class="oracle.dbtools.crest.swingui.logical.TVRelation" oid="27921CC6-487A-CAAF-93A8-6BE0FB9F8049" otype="Relation" vid_source="80E12315-CCA1-B9C6-D1CC-0DA7967622E6" vid_target="9F9497C6-83D1-DAC7-A276-DFE92D0A4F2E">
<hideElementsInCurrentOnly>false</hideElementsInCurrentOnly>
<backgroundColor>-16777216</backgroundColor>
<lineWidth>1</lineWidth>
<points>
<point x="1092" y="559"/>
<point x="1092" y="458"/>
</points>
</Connector>
<Connector class="oracle.dbtools.crest.swingui.logical.TVRelation" oid="283B8142-07E2-2ED4-9483-5FDCC3CA81EF" otype="Relation" vid_source="DD428570-2EBB-EAD6-771C-85C92BEB92FD" vid_target="AC8CE861-ABE5-4073-D4F8-78C29513FA63">
<hideElementsInCurrentOnly>false</hideElementsInCurrentOnly>
<backgroundColor>-16777216</backgroundColor>
<lineWidth>1</lineWidth>
<points>
<point x="807" y="776"/>
<point x="807" y="687"/>
</points>
</Connector>
<Connector class="oracle.dbtools.crest.swingui.logical.TVRelation" oid="487B8D8A-42A3-A93B-E510-61954BBB70BD" otype="Relation" vid_source="9E5495AC-F380-935C-4DFF-62062035E67D" vid_target="9F9497C6-83D1-DAC7-A276-DFE92D0A4F2E">
<hideElementsInCurrentOnly>false</hideElementsInCurrentOnly>
<backgroundColor>-16777216</backgroundColor>
<lineWidth>1</lineWidth>
<points>
<point x="1234" y="342"/>
<point x="1169" y="342"/>
</points>
</Connector>
<Connector class="oracle.dbtools.crest.swingui.logical.TVRelation" oid="5BBA0DA1-EA11-8888-F8EA-2464B7C4B608" otype="Relation" vid_source="42EF3AAC-27A2-72A9-8B4A-1BC8A1EED6E8" vid_target="4D845E88-14F8-5FF7-9F94-E331286FB28E">
<hideElementsInCurrentOnly>false</hideElementsInCurrentOnly>
<backgroundColor>-16777216</backgroundColor>
<lineWidth>1</lineWidth>
<points>
<point x="291" y="982"/>
<point x="527" y="982"/>
</points>
</Connector>
<Connector class="oracle.dbtools.crest.swingui.logical.TVRelation" oid="677DEE39-8ECC-2800-67DC-46EA9C8B93E4" otype="Relation" vid_source="27188901-9960-AA78-1A8E-C0D677923554" vid_target="AC8CE861-ABE5-4073-D4F8-78C29513FA63">
<hideElementsInCurrentOnly>false</hideElementsInCurrentOnly>
<backgroundColor>-16777216</backgroundColor>
<lineWidth>1</lineWidth>
<points>
<point x="678" y="449"/>
<point x="678" y="524"/>
</points>
</Connector>
<Connector class="oracle.dbtools.crest.swingui.logical.TVRelation" oid="6AA07088-C6E4-6665-2D18-CE7CACE2682C" otype="Relation" vid_source="4D845E88-14F8-5FF7-9F94-E331286FB28E" vid_target="DD428570-2EBB-EAD6-771C-85C92BEB92FD">
<hideElementsInCurrentOnly>false</hideElementsInCurrentOnly>
<backgroundColor>-16777216</backgroundColor>
<lineWidth>1</lineWidth>
<points>
<point x="760" y="959"/>
<point x="760" y="886"/>
</points>
</Connector>
<Connector class="oracle.dbtools.crest.swingui.logical.TVRelation" oid="8680AB9B-214B-D2E5-D592-177D1E5966BD" otype="Relation" vid_source="27188901-9960-AA78-1A8E-C0D677923554" vid_target="A6CB532C-BD0B-E538-4F4A-92D2D6D3FE84">
<hideElementsInCurrentOnly>false</hideElementsInCurrentOnly>
<backgroundColor>-16777216</backgroundColor>
<lineWidth>1</lineWidth>
<points>
<point x="501" y="449"/>
<point x="501" y="558"/>
</points>
</Connector>
<Connector class="oracle.dbtools.crest.swingui.logical.TVRelation" oid="92924A90-7025-D0B7-7123-7B87F2B9375A" otype="Relation" vid_source="ACD79205-B3E6-8419-780A-24471B1EA27A" vid_target="EE6D1AC5-9889-4687-DE7B-6AEB9C90F347">
<hideElementsInCurrentOnly>false</hideElementsInCurrentOnly>
<backgroundColor>-16777216</backgroundColor>
<lineWidth>1</lineWidth>
<points>
<point x="276" y="722"/>
<point x="411" y="722"/>
</points>
</Connector>
<Connector class="oracle.dbtools.crest.swingui.logical.TVRelation" oid="A823AA09-3084-F0D3-70B6-08009DB16950" otype="Relation" vid_source="80E12315-CCA1-B9C6-D1CC-0DA7967622E6" vid_target="BF66C455-2F5B-4AC2-C069-BF65BB25119F">
<hideElementsInCurrentOnly>false</hideElementsInCurrentOnly>
<backgroundColor>-16777216</backgroundColor>
<lineWidth>1</lineWidth>
<points>
<point x="1123" y="644"/>
<point x="1123" y="699"/>
</points>
</Connector>
<Connector class="oracle.dbtools.crest.swingui.logical.TVRelation" oid="A954C8B6-4864-BAC6-0723-610F2C1B90DF" otype="Relation" vid_source="9F9497C6-83D1-DAC7-A276-DFE92D0A4F2E" vid_target="AC8CE861-ABE5-4073-D4F8-78C29513FA63">
<hideElementsInCurrentOnly>false</hideElementsInCurrentOnly>
<backgroundColor>-16777216</backgroundColor>
<lineWidth>1</lineWidth>
<points>
<point x="867" y="458"/>
<point x="867" y="524"/>
</points>
</Connector>
<Connector class="oracle.dbtools.crest.swingui.logical.TVRelation" oid="C4C1E5D4-6F1F-54F6-06B7-639FCF381A5D" otype="Relation" vid_source="27188901-9960-AA78-1A8E-C0D677923554" vid_target="27188901-9960-AA78-1A8E-C0D677923554">
<hideElementsInCurrentOnly>false</hideElementsInCurrentOnly>
<backgroundColor>-16777216</backgroundColor>
<lineWidth>1</lineWidth>
<points>
<point x="663" y="224"/>
<point x="663" y="126"/>
<point x="772" y="126"/>
<point x="772" y="341"/>
<point x="686" y="341"/>
</points>
</Connector>
<Connector class="oracle.dbtools.crest.swingui.logical.TVRelation" oid="DAC81DB2-11D1-C850-B73A-D8E306019D59" otype="Relation" vid_source="DD428570-2EBB-EAD6-771C-85C92BEB92FD" vid_target="BF66C455-2F5B-4AC2-C069-BF65BB25119F">
<hideElementsInCurrentOnly>false</hideElementsInCurrentOnly>
<backgroundColor>-16777216</backgroundColor>
<lineWidth>1</lineWidth>
<points>
<point x="952" y="792"/>
<point x="1062" y="792"/>
</points>
</Connector>
<Connector class="oracle.dbtools.crest.swingui.logical.TVRelation" oid="F83EB168-6C08-8D0B-7BD5-25A55F4B05ED" otype="Relation" vid_source="27188901-9960-AA78-1A8E-C0D677923554" vid_target="9F9497C6-83D1-DAC7-A276-DFE92D0A4F2E">
<hideElementsInCurrentOnly>false</hideElementsInCurrentOnly>
<backgroundColor>-16777216</backgroundColor>
<lineWidth>1</lineWidth>
<points>
<point x="686" y="394"/>
<point x="866" y="395"/>
</points>
</Connector>
</connectors>
</Diagram>
