<?xml version = '1.0' encoding = 'UTF-8'?>
<relationalModel class="oracle.dbtools.crest.model.design.relational.RelationalDesign" name="Relational_1" id="A7865680-98CF-7CC2-F291-F629001BBB65" mainViewID="B0F42FB3-5CB6-50AC-FB00-AC4D36D10D38">
<createdBy>Raveen Pieris</createdBy>
<createdTime>2025-09-10 01:21:52 UTC</createdTime>
<ownerDesignName>brm_logical_A1_T3</ownerDesignName>
<shouldBeOpen>false</shouldBeOpen>
<selectedRDBMSSite>3FD120B5-9F4E-6278-D5E2-746D192C8319</selectedRDBMSSite>
</relationalModel>