<?xml version = '1.0' encoding = 'UTF-8'?>
<Table class="oracle.dbtools.crest.model.design.relational.Table" directorySegmentName="seg_0" id="20FBDF47-37E1-9A0B-07AD-D09D89BE5FDA" name="TRAILER">
<createdBy>Raveen Pieris</createdBy>
<createdTime>2025-09-11 04:46:52 UTC</createdTime>
<generatorID>EA6DEDFE-0D16-5870-5E82-5C1E959C31D7</generatorID>
<ownerDesignName>brm_logical_A1_T3</ownerDesignName>
<allowColumnReorder>false</allowColumnReorder>
<existDependencyGenerateInDDl>true</existDependencyGenerateInDDl>
<parsed>true</parsed>
<columns itemClass="oracle.dbtools.crest.model.design.relational.Column">
<Column name="trailer_code" id="800B0AE7-9147-D7CC-A16A-AB7859C1A66F">
<createdBy>Raveen Pieris</createdBy>
<createdTime>2025-09-11 04:46:52 UTC</createdTime>
<generatorID>BD9B63F6-8014-2873-30D8-68E31F29E73E</generatorID>
<ownerDesignName>brm_logical_A1_T3</ownerDesignName>
<useDomainConstraints>false</useDomainConstraints>
<use>1</use>
<logicalDatatype>LOGDT024</logicalDatatype>
<dataTypeSize>5</dataTypeSize>
<ownDataTypeParameters>5,,</ownDataTypeParameters>
<autoIncrementCycle>false</autoIncrementCycle>
</Column>
<Column name="purch_date" id="EF6B3D2A-92C5-1D6A-0B29-14FD8966CEF0">
<createdBy>Raveen Pieris</createdBy>
<createdTime>2025-09-11 04:46:52 UTC</createdTime>
<generatorID>99CC5A05-0DB4-D7A5-BA14-74EB0058AC5E</generatorID>
<ownerDesignName>brm_logical_A1_T3</ownerDesignName>
<useDomainConstraints>false</useDomainConstraints>
<use>1</use>
<logicalDatatype>LOGDT007</logicalDatatype>
<ownDataTypeParameters>,,</ownDataTypeParameters>
<autoIncrementCycle>false</autoIncrementCycle>
</Column>
<Column name="purch_price" id="18C4458F-0252-F314-D0E5-1842BC6B7A43">
<createdBy>Raveen Pieris</createdBy>
<createdTime>2025-09-11 04:46:52 UTC</createdTime>
<generatorID>57AADB9F-41F1-3075-B9AF-2AC61AB378BA</generatorID>
<ownerDesignName>brm_logical_A1_T3</ownerDesignName>
<useDomainConstraints>false</useDomainConstraints>
<use>1</use>
<logicalDatatype>LOGDT019</logicalDatatype>
<dataTypePrecision>10</dataTypePrecision>
<dataTypeScale>2</dataTypeScale>
<ownDataTypeParameters>,10,2</ownDataTypeParameters>
<autoIncrementCycle>false</autoIncrementCycle>
</Column>
<Column name="trailerdecom_date" id="E83386A5-E3E1-3095-B64E-CC614C5AF6B2">
<createdBy>Raveen Pieris</createdBy>
<createdTime>2025-09-11 04:46:52 UTC</createdTime>
<generatorID>8DFEBC80-844C-D80F-A9A2-78BDFE62BE40</generatorID>
<ownerDesignName>brm_logical_A1_T3</ownerDesignName>
<nullsAllowed>true</nullsAllowed>
<useDomainConstraints>false</useDomainConstraints>
<use>1</use>
<logicalDatatype>LOGDT007</logicalDatatype>
<ownDataTypeParameters>,,</ownDataTypeParameters>
<autoIncrementCycle>false</autoIncrementCycle>
</Column>
<Column name="trailer_model" id="D18378C4-BA04-B204-7727-AE97326E1587">
<createdBy>Raveen Pieris</createdBy>
<createdTime>2025-09-11 04:46:52 UTC</createdTime>
<generatorID>0D04B312-6BE7-D75C-6AEB-D4B41D2E33CB</generatorID>
<ownerDesignName>brm_logical_A1_T3</ownerDesignName>
<useDomainConstraints>false</useDomainConstraints>
<use>1</use>
<logicalDatatype>LOGDT024</logicalDatatype>
<dataTypeSize>40</dataTypeSize>
<ownDataTypeParameters>,,</ownDataTypeParameters>
<previousColumn>false</previousColumn>
<autoIncrementCycle>false</autoIncrementCycle>
<associations>
<colAssociation fkAssociation="C47A1F0E-2265-5943-48D9-08D24CB06F97" referredColumn="E9717061-8CFA-3457-03C5-ED08D54559F7"/>
</associations>
</Column>
<Column name="trailer_manu" id="D0DEF601-66AD-4C65-BA13-0B7203B6C16F">
<createdBy>Raveen Pieris</createdBy>
<createdTime>2025-09-11 04:46:52 UTC</createdTime>
<generatorID>BD5B6B44-AD35-42B0-9151-C7C11A0F7DFF</generatorID>
<ownerDesignName>brm_logical_A1_T3</ownerDesignName>
<useDomainConstraints>false</useDomainConstraints>
<use>1</use>
<logicalDatatype>LOGDT024</logicalDatatype>
<dataTypeSize>30</dataTypeSize>
<ownDataTypeParameters>,,</ownDataTypeParameters>
<previousColumn>false</previousColumn>
<autoIncrementCycle>false</autoIncrementCycle>
<associations>
<colAssociation fkAssociation="C47A1F0E-2265-5943-48D9-08D24CB06F97" referredColumn="3F90733C-85F0-E1CA-0841-B1A4C7FA785A"/>
</associations>
</Column>
</columns>
<indexes itemClass="oracle.dbtools.crest.model.design.relational.Index">
<ind_PK_UK id="43375964-CC27-9624-F9DB-0196C741E744" name="TRAILER_PK">
<createdBy>Raveen Pieris</createdBy>
<createdTime>2025-09-11 04:46:52 UTC</createdTime>
<generatorID>A1621C0E-F7BD-8357-445D-3102FCB57C83</generatorID>
<ownerDesignName>brm_logical_A1_T3</ownerDesignName>
<pk>true</pk>
<indexState>Primary Constraint</indexState>
<isSurrogateKey>false</isSurrogateKey>
<indexColumnUsage>
<colUsage columnID="800B0AE7-9147-D7CC-A16A-AB7859C1A66F"/>
</indexColumnUsage>
</ind_PK_UK>
<ind_PK_UK id="C9910525-23F7-4ACB-2DF4-7178057A8C07" name="classifiesv1">
<createdBy>Raveen Pieris</createdBy>
<createdTime>2025-09-11 04:46:52 UTC</createdTime>
<generatorID>5BBA0DA1-EA11-8888-F8EA-2464B7C4B608</generatorID>
<ownerDesignName>brm_logical_A1_T3</ownerDesignName>
<indexState>Foreign Key</indexState>
<isSurrogateKey>false</isSurrogateKey>
<indexColumnUsage>
<colUsage columnID="D18378C4-BA04-B204-7727-AE97326E1587"/>
<colUsage columnID="D0DEF601-66AD-4C65-BA13-0B7203B6C16F"/>
</indexColumnUsage>
</ind_PK_UK>
</indexes>
</Table>
