<?xml version = '1.0' encoding = 'UTF-8'?>
<Table class="oracle.dbtools.crest.model.design.relational.Table" directorySegmentName="seg_0" id="4F49DABF-AC51-7854-7952-12C35A9420D4" name="COMBINATIONS">
<createdBy>Raveen Pieris</createdBy>
<createdTime>2025-09-11 04:46:52 UTC</createdTime>
<generatorID>7583DE24-5926-A654-63C0-62D64E8A58BE</generatorID>
<ownerDesignName>brm_logical_A1_T3</ownerDesignName>
<allowColumnReorder>false</allowColumnReorder>
<existDependencyGenerateInDDl>true</existDependencyGenerateInDDl>
<parsed>true</parsed>
<columns itemClass="oracle.dbtools.crest.model.design.relational.Column">
<Column name="comb_code" id="B989FFCE-6B3D-D7D3-3BFE-EAD66BD5D4F6">
<createdBy>Raveen Pieris</createdBy>
<createdTime>2025-09-11 04:46:52 UTC</createdTime>
<generatorID>B2743CAB-F02A-6741-024D-A57FC764ACDC</generatorID>
<ownerDesignName>brm_logical_A1_T3</ownerDesignName>
<useDomainConstraints>false</useDomainConstraints>
<use>1</use>
<logicalDatatype>LOGDT024</logicalDatatype>
<dataTypeSize>12</dataTypeSize>
<ownDataTypeParameters>12,,</ownDataTypeParameters>
<autoIncrementCycle>false</autoIncrementCycle>
</Column>
<Column name="trailer_code" id="71DB9542-9D12-D589-A3E1-F1A92C99FDAB">
<createdBy>Raveen Pieris</createdBy>
<createdTime>2025-09-11 04:46:52 UTC</createdTime>
<generatorID>57C14C68-1D58-4EF8-B1C6-7B3E330BA2D8</generatorID>
<ownerDesignName>brm_logical_A1_T3</ownerDesignName>
<useDomainConstraints>false</useDomainConstraints>
<use>1</use>
<logicalDatatype>LOGDT024</logicalDatatype>
<dataTypeSize>5</dataTypeSize>
<ownDataTypeParameters>,,</ownDataTypeParameters>
<previousColumn>false</previousColumn>
<autoIncrementCycle>false</autoIncrementCycle>
<associations>
<colAssociation fkAssociation="76B27C74-FC51-5FAA-92CC-DB18E06C171D" referredColumn="800B0AE7-9147-D7CC-A16A-AB7859C1A66F"/>
</associations>
</Column>
<Column name="VIN" id="C4649374-16E1-B944-6538-2FAABB4E45C9">
<createdBy>Raveen Pieris</createdBy>
<createdTime>2025-09-11 04:46:52 UTC</createdTime>
<generatorID>B1248493-A223-844E-2827-131A7900CCA1</generatorID>
<ownerDesignName>brm_logical_A1_T3</ownerDesignName>
<useDomainConstraints>false</useDomainConstraints>
<use>1</use>
<logicalDatatype>LOGDT024</logicalDatatype>
<dataTypeSize>17</dataTypeSize>
<ownDataTypeParameters>,,</ownDataTypeParameters>
<previousColumn>false</previousColumn>
<autoIncrementCycle>false</autoIncrementCycle>
<associations>
<colAssociation fkAssociation="3D1D4584-01AC-4F37-8DEA-F17AA23C6473" referredColumn="CAB475C4-C4AD-626F-1ED2-5DA59F58E6C2"/>
</associations>
</Column>
</columns>
<indexes itemClass="oracle.dbtools.crest.model.design.relational.Index">
<ind_PK_UK id="257B1555-4C47-606A-2418-66F90E47901C" name="COMBINATIONS_PK">
<createdBy>Raveen Pieris</createdBy>
<createdTime>2025-09-11 04:46:52 UTC</createdTime>
<generatorID>1080EB3D-D525-E4BF-3890-6E0948856AFF</generatorID>
<ownerDesignName>brm_logical_A1_T3</ownerDesignName>
<pk>true</pk>
<indexState>Primary Constraint</indexState>
<isSurrogateKey>false</isSurrogateKey>
<indexColumnUsage>
<colUsage columnID="B989FFCE-6B3D-D7D3-3BFE-EAD66BD5D4F6"/>
</indexColumnUsage>
</ind_PK_UK>
<ind_PK_UK id="A2EA234A-E553-5D75-0CD1-457623D56337" name="particiaptes_in">
<createdBy>Raveen Pieris</createdBy>
<createdTime>2025-09-11 04:46:52 UTC</createdTime>
<generatorID>6AA07088-C6E4-6665-2D18-CE7CACE2682C</generatorID>
<ownerDesignName>brm_logical_A1_T3</ownerDesignName>
<indexState>Foreign Key</indexState>
<isSurrogateKey>false</isSurrogateKey>
<indexColumnUsage>
<colUsage columnID="71DB9542-9D12-D589-A3E1-F1A92C99FDAB"/>
</indexColumnUsage>
</ind_PK_UK>
<ind_PK_UK id="CBD5C4D3-390C-5A29-F0EC-3A5AA4E5A357" name="participates_in">
<createdBy>Raveen Pieris</createdBy>
<createdTime>2025-09-11 04:46:52 UTC</createdTime>
<generatorID>0154FCCB-88D6-427A-21DC-723FF27EDC80</generatorID>
<ownerDesignName>brm_logical_A1_T3</ownerDesignName>
<indexState>Foreign Key</indexState>
<isSurrogateKey>false</isSurrogateKey>
<indexColumnUsage>
<colUsage columnID="C4649374-16E1-B944-6538-2FAABB4E45C9"/>
</indexColumnUsage>
</ind_PK_UK>
</indexes>
</Table>
