<?xml version = '1.0' encoding = 'UTF-8'?>
<Table class="oracle.dbtools.crest.model.design.relational.Table" directorySegmentName="seg_0" id="622149A9-70BA-BAA5-00F3-3B22D0FDF588" name="COMBINATION_RATE">
<createdBy>Raveen Pieris</createdBy>
<createdTime>2025-09-11 04:46:52 UTC</createdTime>
<generatorID>B1DD9DD5-CA25-A160-BEE5-5D5396E816FA</generatorID>
<ownerDesignName>brm_logical_A1_T3</ownerDesignName>
<allowColumnReorder>false</allowColumnReorder>
<existDependencyGenerateInDDl>true</existDependencyGenerateInDDl>
<parsed>true</parsed>
<columns itemClass="oracle.dbtools.crest.model.design.relational.Column">
<Column name="comb_hire_rate" id="3A76C5D7-6A3A-ED5B-2CA1-445E018EA7C5">
<createdBy>Raveen Pieris</createdBy>
<createdTime>2025-09-11 04:46:52 UTC</createdTime>
<generatorID>72B82F21-E866-3278-E298-5AE388F320C8</generatorID>
<ownerDesignName>brm_logical_A1_T3</ownerDesignName>
<useDomainConstraints>false</useDomainConstraints>
<use>1</use>
<logicalDatatype>LOGDT019</logicalDatatype>
<dataTypePrecision>9</dataTypePrecision>
<dataTypeScale>2</dataTypeScale>
<ownDataTypeParameters>,9,2</ownDataTypeParameters>
<autoIncrementCycle>false</autoIncrementCycle>
</Column>
<Column name="purp_no" id="FEF7C1EC-CD00-FC6C-57EA-FB4FB36A76AB">
<createdBy>Raveen Pieris</createdBy>
<createdTime>2025-09-11 04:46:52 UTC</createdTime>
<generatorID>D2287685-E3A3-CA06-843C-EBE52C106A28</generatorID>
<ownerDesignName>brm_logical_A1_T3</ownerDesignName>
<useDomainConstraints>false</useDomainConstraints>
<use>1</use>
<logicalDatatype>LOGDT019</logicalDatatype>
<dataTypePrecision>6</dataTypePrecision>
<ownDataTypeParameters>,,</ownDataTypeParameters>
<previousColumn>false</previousColumn>
<autoIncrementCycle>false</autoIncrementCycle>
<associations>
<colAssociation fkAssociation="893DCFE3-26CD-968C-DFB6-3A636C002738" referredColumn="8E5445F2-A476-4CAC-3D33-0D1FBA8E38E5"/>
</associations>
</Column>
<Column name="comb_code" id="C5E60F97-5592-2C41-96C6-8A370097C78F">
<createdBy>Raveen Pieris</createdBy>
<createdTime>2025-09-11 04:46:52 UTC</createdTime>
<generatorID>2723681E-31FE-A1E2-04D3-277675D044A2</generatorID>
<ownerDesignName>brm_logical_A1_T3</ownerDesignName>
<useDomainConstraints>false</useDomainConstraints>
<use>1</use>
<logicalDatatype>LOGDT024</logicalDatatype>
<dataTypeSize>12</dataTypeSize>
<ownDataTypeParameters>,,</ownDataTypeParameters>
<previousColumn>false</previousColumn>
<autoIncrementCycle>false</autoIncrementCycle>
<associations>
<colAssociation fkAssociation="51A77AD8-9C7C-A7F6-B9FA-55A50978ED56" referredColumn="B989FFCE-6B3D-D7D3-3BFE-EAD66BD5D4F6"/>
</associations>
</Column>
</columns>
<indexes itemClass="oracle.dbtools.crest.model.design.relational.Index">
<ind_PK_UK id="39BB7A6B-D884-4C9B-408D-62A9A89EB7B5" name="COMBINATION_RATE_PK">
<createdBy>Raveen Pieris</createdBy>
<createdTime>2025-09-11 04:46:52 UTC</createdTime>
<generatorID>5BE6C978-DAA1-2F27-3C06-5E9A244765B1</generatorID>
<ownerDesignName>brm_logical_A1_T3</ownerDesignName>
<pk>true</pk>
<indexState>Primary Constraint</indexState>
<isSurrogateKey>false</isSurrogateKey>
<indexColumnUsage>
<colUsage columnID="FEF7C1EC-CD00-FC6C-57EA-FB4FB36A76AB"/>
<colUsage columnID="C5E60F97-5592-2C41-96C6-8A370097C78F"/>
</indexColumnUsage>
</ind_PK_UK>
<ind_PK_UK id="B908F716-8FE5-079F-4899-471D78C86313" name="combinations_combination_rate">
<createdBy>Raveen Pieris</createdBy>
<createdTime>2025-09-11 04:46:52 UTC</createdTime>
<generatorID>DAC81DB2-11D1-C850-B73A-D8E306019D59</generatorID>
<ownerDesignName>brm_logical_A1_T3</ownerDesignName>
<indexState>Foreign Key</indexState>
<isSurrogateKey>false</isSurrogateKey>
<indexColumnUsage>
<colUsage columnID="C5E60F97-5592-2C41-96C6-8A370097C78F"/>
</indexColumnUsage>
</ind_PK_UK>
<ind_PK_UK id="E9C3B5F3-AB8E-1F04-B3E9-7E881520A876" name="Relation_14">
<createdBy>Raveen Pieris</createdBy>
<createdTime>2025-09-11 04:46:52 UTC</createdTime>
<generatorID>A823AA09-3084-F0D3-70B6-08009DB16950</generatorID>
<ownerDesignName>brm_logical_A1_T3</ownerDesignName>
<indexState>Foreign Key</indexState>
<isSurrogateKey>false</isSurrogateKey>
<indexColumnUsage>
<colUsage columnID="FEF7C1EC-CD00-FC6C-57EA-FB4FB36A76AB"/>
</indexColumnUsage>
</ind_PK_UK>
</indexes>
</Table>
