<?xml version = '1.0' encoding = 'UTF-8'?>
<Table class="oracle.dbtools.crest.model.design.relational.Table" directorySegmentName="seg_0" id="89FE2729-9AF7-15F2-73C8-61A0D2624C91" name="PURPOSE">
<createdBy>Raveen Pieris</createdBy>
<createdTime>2025-09-11 04:46:52 UTC</createdTime>
<generatorID>D2B93E01-6E5F-C3B7-A26B-D90BCAD80D71</generatorID>
<ownerDesignName>brm_logical_A1_T3</ownerDesignName>
<allowColumnReorder>false</allowColumnReorder>
<existDependencyGenerateInDDl>true</existDependencyGenerateInDDl>
<parsed>true</parsed>
<columns itemClass="oracle.dbtools.crest.model.design.relational.Column">
<Column name="purp_no" id="8E5445F2-A476-4CAC-3D33-0D1FBA8E38E5">
<createdBy>Raveen Pieris</createdBy>
<createdTime>2025-09-11 04:46:52 UTC</createdTime>
<generatorID>0093B00E-BBBD-754A-5674-60A825A8E9EE</generatorID>
<ownerDesignName>brm_logical_A1_T3</ownerDesignName>
<useDomainConstraints>false</useDomainConstraints>
<use>1</use>
<logicalDatatype>LOGDT019</logicalDatatype>
<dataTypePrecision>6</dataTypePrecision>
<ownDataTypeParameters>,6,</ownDataTypeParameters>
<autoIncrementCycle>false</autoIncrementCycle>
</Column>
<Column name="purp_desc" id="13B95297-93DD-B4D2-B9AB-38D3910C41F4">
<createdBy>Raveen Pieris</createdBy>
<createdTime>2025-09-11 04:46:52 UTC</createdTime>
<generatorID>BE615CCA-591F-580F-2773-9C6766CBC523</generatorID>
<ownerDesignName>brm_logical_A1_T3</ownerDesignName>
<useDomainConstraints>false</useDomainConstraints>
<use>1</use>
<logicalDatatype>LOGDT024</logicalDatatype>
<dataTypeSize>60</dataTypeSize>
<ownDataTypeParameters>60,,</ownDataTypeParameters>
<autoIncrementCycle>false</autoIncrementCycle>
</Column>
</columns>
<indexes itemClass="oracle.dbtools.crest.model.design.relational.Index">
<ind_PK_UK id="7FDB5310-1BDC-156E-7A7E-E4C0C3F11371" name="PURPOSE_PK">
<createdBy>Raveen Pieris</createdBy>
<createdTime>2025-09-11 04:46:52 UTC</createdTime>
<generatorID>1BE32742-C8CC-5E0F-BAAE-A42E0B3D60C6</generatorID>
<ownerDesignName>brm_logical_A1_T3</ownerDesignName>
<pk>true</pk>
<indexState>Primary Constraint</indexState>
<isSurrogateKey>false</isSurrogateKey>
<indexColumnUsage>
<colUsage columnID="8E5445F2-A476-4CAC-3D33-0D1FBA8E38E5"/>
</indexColumnUsage>
</ind_PK_UK>
</indexes>
</Table>
