<?xml version = '1.0' encoding = 'UTF-8'?>
<Table class="oracle.dbtools.crest.model.design.relational.Table" directorySegmentName="seg_0" id="B7408FB6-B443-B242-3E24-41183651B894" name="EMPLOYEE">
<createdBy>Raveen Pieris</createdBy>
<createdTime>2025-09-11 04:46:52 UTC</createdTime>
<generatorID>78405F58-0B38-2515-A911-B57317E065F3</generatorID>
<ownerDesignName>brm_logical_A1_T3</ownerDesignName>
<allowColumnReorder>false</allowColumnReorder>
<existDependencyGenerateInDDl>true</existDependencyGenerateInDDl>
<parsed>true</parsed>
<columns itemClass="oracle.dbtools.crest.model.design.relational.Column">
<Column name="given_name" id="B4908B59-ED77-C3F1-97BC-597DB2E23B89">
<createdBy>Raveen Pieris</createdBy>
<createdTime>2025-09-11 04:46:52 UTC</createdTime>
<generatorID>C7A36DEF-3272-27C0-8EB8-71C723FC3B4B</generatorID>
<ownerDesignName>brm_logical_A1_T3</ownerDesignName>
<useDomainConstraints>false</useDomainConstraints>
<use>1</use>
<logicalDatatype>LOGDT025</logicalDatatype>
<dataTypeSize>40</dataTypeSize>
<ownDataTypeParameters>40,,</ownDataTypeParameters>
<autoIncrementCycle>false</autoIncrementCycle>
</Column>
<Column name="family_name" id="EA9D240F-B26C-CED9-16A5-0BB4E73AC2B4">
<createdBy>Raveen Pieris</createdBy>
<createdTime>2025-09-11 04:46:52 UTC</createdTime>
<generatorID>7B5D682F-7A6A-5B5D-4D6A-1E55410C2F5C</generatorID>
<ownerDesignName>brm_logical_A1_T3</ownerDesignName>
<useDomainConstraints>false</useDomainConstraints>
<use>1</use>
<logicalDatatype>LOGDT025</logicalDatatype>
<dataTypeSize>40</dataTypeSize>
<ownDataTypeParameters>40,,</ownDataTypeParameters>
<autoIncrementCycle>false</autoIncrementCycle>
</Column>
<Column name="contact_no" id="C2B0B916-52A4-902F-3013-8E11E7521346">
<createdBy>Raveen Pieris</createdBy>
<createdTime>2025-09-11 04:46:52 UTC</createdTime>
<generatorID>FAB40290-5857-9D28-F13C-C7D00ACA62E6</generatorID>
<ownerDesignName>brm_logical_A1_T3</ownerDesignName>
<useDomainConstraints>false</useDomainConstraints>
<use>1</use>
<logicalDatatype>LOGDT019</logicalDatatype>
<dataTypePrecision>15</dataTypePrecision>
<ownDataTypeParameters>,15,</ownDataTypeParameters>
<autoIncrementCycle>false</autoIncrementCycle>
</Column>
<Column name="salary" id="E4779683-9D02-02A5-F139-8BF81DF17A02">
<createdBy>Raveen Pieris</createdBy>
<createdTime>2025-09-11 04:46:52 UTC</createdTime>
<generatorID>9038597D-E20E-E136-89F6-062DDB2FC5D9</generatorID>
<ownerDesignName>brm_logical_A1_T3</ownerDesignName>
<useDomainConstraints>false</useDomainConstraints>
<use>1</use>
<logicalDatatype>LOGDT019</logicalDatatype>
<dataTypePrecision>7</dataTypePrecision>
<dataTypeScale>2</dataTypeScale>
<ownDataTypeParameters>,7,2</ownDataTypeParameters>
<autoIncrementCycle>false</autoIncrementCycle>
</Column>
<Column name="TFN" id="2E7D777D-3A5F-6B27-C468-BDDC0F303201">
<createdBy>Raveen Pieris</createdBy>
<createdTime>2025-09-11 04:46:52 UTC</createdTime>
<generatorID>B9578122-3F89-EF4B-3705-0FF65AF53B6B</generatorID>
<ownerDesignName>brm_logical_A1_T3</ownerDesignName>
<useDomainConstraints>false</useDomainConstraints>
<use>1</use>
<logicalDatatype>LOGDT019</logicalDatatype>
<dataTypePrecision>9</dataTypePrecision>
<ownDataTypeParameters>,9,</ownDataTypeParameters>
<autoIncrementCycle>false</autoIncrementCycle>
</Column>
<Column name="licence_no" id="8EB28056-6DA6-3DC2-6E6E-D081A97B4711">
<createdBy>Raveen Pieris</createdBy>
<createdTime>2025-09-11 04:46:52 UTC</createdTime>
<generatorID>370A2BB1-3E1A-9BE0-8826-B169B5A57932</generatorID>
<ownerDesignName>brm_logical_A1_T3</ownerDesignName>
<nullsAllowed>true</nullsAllowed>
<useDomainConstraints>false</useDomainConstraints>
<use>1</use>
<logicalDatatype>LOGDT024</logicalDatatype>
<dataTypeSize>20</dataTypeSize>
<ownDataTypeParameters>20,,</ownDataTypeParameters>
<autoIncrementCycle>false</autoIncrementCycle>
</Column>
<Column name="role_name" id="B0211D8D-2C71-BEC3-2507-B2B7643A4671">
<createdBy>Raveen Pieris</createdBy>
<createdTime>2025-09-11 04:46:52 UTC</createdTime>
<generatorID>2BF55347-738D-F75B-E029-DE0D84BB0CDA</generatorID>
<ownerDesignName>brm_logical_A1_T3</ownerDesignName>
<useDomainConstraints>false</useDomainConstraints>
<use>1</use>
<logicalDatatype>LOGDT024</logicalDatatype>
<dataTypeSize>16</dataTypeSize>
<ownDataTypeParameters>,,</ownDataTypeParameters>
<previousColumn>false</previousColumn>
<autoIncrementCycle>false</autoIncrementCycle>
<associations>
<colAssociation fkAssociation="48A1E50F-608C-0405-F1BF-C7684BAB49A4" referredColumn="427CAA41-56CC-5632-3A2C-41A1B629AC3D"/>
</associations>
</Column>
<Column name="manager_emp_no" id="767B4418-F2FF-BBFE-059C-0BE803D05C93">
<createdBy>Raveen Pieris</createdBy>
<createdTime>2025-09-11 04:46:52 UTC</createdTime>
<generatorID>C0577B92-501F-843B-5B82-12C186328A5F</generatorID>
<ownerDesignName>brm_logical_A1_T3</ownerDesignName>
<nullsAllowed>true</nullsAllowed>
<useDomainConstraints>false</useDomainConstraints>
<use>1</use>
<logicalDatatype>LOGDT019</logicalDatatype>
<dataTypePrecision>6</dataTypePrecision>
<ownDataTypeParameters>,6,</ownDataTypeParameters>
<autoIncrementCycle>false</autoIncrementCycle>
</Column>
<Column name="emp_no" id="95083F70-3EC3-17BA-524F-3BDDA1248861">
<createdBy>Raveen Pieris</createdBy>
<createdTime>2025-09-11 04:46:52 UTC</createdTime>
<generatorID>A09EA684-235C-FACE-EC04-71D236F116A8</generatorID>
<ownerDesignName>brm_logical_A1_T3</ownerDesignName>
<useDomainConstraints>false</useDomainConstraints>
<use>1</use>
<logicalDatatype>LOGDT019</logicalDatatype>
<dataTypePrecision>6</dataTypePrecision>
<ownDataTypeParameters>,6,</ownDataTypeParameters>
<autoIncrementCycle>false</autoIncrementCycle>
</Column>
<Column name="emp_no1" id="B9D7A0F2-947B-6912-6ABE-AC2329F43CE4">
<createdBy>Raveen Pieris</createdBy>
<createdTime>2025-09-11 04:46:52 UTC</createdTime>
<generatorID>4BD9EFDF-07E4-D2E4-F295-F9D4D788750C</generatorID>
<ownerDesignName>brm_logical_A1_T3</ownerDesignName>
<useDomainConstraints>false</useDomainConstraints>
<use>1</use>
<logicalDatatype>LOGDT019</logicalDatatype>
<dataTypePrecision>6</dataTypePrecision>
<ownDataTypeParameters>,,</ownDataTypeParameters>
<previousColumn>false</previousColumn>
<autoIncrementCycle>false</autoIncrementCycle>
<associations>
<colAssociation fkAssociation="A68E8330-B3AB-D449-A6F2-77994F482C2C" referredColumn="95083F70-3EC3-17BA-524F-3BDDA1248861"/>
</associations>
</Column>
</columns>
<indexes itemClass="oracle.dbtools.crest.model.design.relational.Index">
<ind_PK_UK id="F0601A55-6CD2-D080-7138-8E91684FC4C6" name="EMPLOYEE_PK">
<createdBy>Raveen Pieris</createdBy>
<createdTime>2025-09-11 04:46:52 UTC</createdTime>
<generatorID>72606277-E40C-4F55-87B2-F1932BFC4B60</generatorID>
<ownerDesignName>brm_logical_A1_T3</ownerDesignName>
<pk>true</pk>
<indexState>Primary Constraint</indexState>
<isSurrogateKey>false</isSurrogateKey>
<indexColumnUsage>
<colUsage columnID="95083F70-3EC3-17BA-524F-3BDDA1248861"/>
</indexColumnUsage>
</ind_PK_UK>
<ind_PK_UK id="C154725A-27B1-3332-5E20-AE919D259470" name="classifiesv2">
<createdBy>Raveen Pieris</createdBy>
<createdTime>2025-09-11 04:46:52 UTC</createdTime>
<generatorID>24CEF07A-D8BC-75B5-2932-1F23469D07E1</generatorID>
<ownerDesignName>brm_logical_A1_T3</ownerDesignName>
<indexState>Foreign Key</indexState>
<isSurrogateKey>false</isSurrogateKey>
<indexColumnUsage>
<colUsage columnID="B0211D8D-2C71-BEC3-2507-B2B7643A4671"/>
</indexColumnUsage>
</ind_PK_UK>
<ind_PK_UK id="7C0874CF-5A48-9BC6-EFF9-68E2E6F4C20F" name="Relation_40">
<createdBy>Raveen Pieris</createdBy>
<createdTime>2025-09-11 04:46:52 UTC</createdTime>
<generatorID>C4C1E5D4-6F1F-54F6-06B7-639FCF381A5D</generatorID>
<ownerDesignName>brm_logical_A1_T3</ownerDesignName>
<indexState>Foreign Key</indexState>
<isSurrogateKey>false</isSurrogateKey>
<indexColumnUsage>
<colUsage columnID="B9D7A0F2-947B-6912-6ABE-AC2329F43CE4"/>
</indexColumnUsage>
</ind_PK_UK>
</indexes>
</Table>
