<?xml version = '1.0' encoding = 'UTF-8'?>
<Table class="oracle.dbtools.crest.model.design.relational.Table" directorySegmentName="seg_0" id="BED2FCF4-617C-E694-D8CC-DC2E3DDA6CAA" name="ROLE">
<createdBy>Raveen Pieris</createdBy>
<createdTime>2025-09-11 04:46:52 UTC</createdTime>
<generatorID>A28E1438-1211-F5D8-7AEB-2B09F542FA9E</generatorID>
<ownerDesignName>brm_logical_A1_T3</ownerDesignName>
<allowColumnReorder>false</allowColumnReorder>
<existDependencyGenerateInDDl>true</existDependencyGenerateInDDl>
<parsed>true</parsed>
<columns itemClass="oracle.dbtools.crest.model.design.relational.Column">
<Column name="role_name" id="427CAA41-56CC-5632-3A2C-41A1B629AC3D">
<createdBy>Raveen Pieris</createdBy>
<createdTime>2025-09-11 04:46:52 UTC</createdTime>
<generatorID>9CB1F30D-9E0B-829A-EFB6-9E18F9B71FB2</generatorID>
<ownerDesignName>brm_logical_A1_T3</ownerDesignName>
<useDomainConstraints>false</useDomainConstraints>
<use>1</use>
<logicalDatatype>LOGDT024</logicalDatatype>
<dataTypeSize>16</dataTypeSize>
<ownDataTypeParameters>16,,</ownDataTypeParameters>
<autoIncrementCycle>false</autoIncrementCycle>
</Column>
</columns>
<indexes itemClass="oracle.dbtools.crest.model.design.relational.Index">
<ind_PK_UK id="93BE2C84-3DDD-8DFD-8B60-E81E8D18F8B2" name="ROLE_PK">
<createdBy>Raveen Pieris</createdBy>
<createdTime>2025-09-11 04:46:52 UTC</createdTime>
<generatorID>4B392AB2-31EC-48E6-25E6-E97BF5602FE6</generatorID>
<ownerDesignName>brm_logical_A1_T3</ownerDesignName>
<pk>true</pk>
<indexState>Primary Constraint</indexState>
<isSurrogateKey>false</isSurrogateKey>
<indexColumnUsage>
<colUsage columnID="427CAA41-56CC-5632-3A2C-41A1B629AC3D"/>
</indexColumnUsage>
</ind_PK_UK>
</indexes>
</Table>
