<?xml version = '1.0' encoding = 'UTF-8'?>
<Table class="oracle.dbtools.crest.model.design.relational.Table" directorySegmentName="seg_0" id="D098AA78-3744-D795-A63E-C24D6BADA940" name="JOB">
<createdBy>Raveen Pieris</createdBy>
<createdTime>2025-09-11 04:46:52 UTC</createdTime>
<generatorID>0E2FCC05-968D-5B4A-62B1-63D5BA16CE45</generatorID>
<ownerDesignName>brm_logical_A1_T3</ownerDesignName>
<allowColumnReorder>false</allowColumnReorder>
<existDependencyGenerateInDDl>true</existDependencyGenerateInDDl>
<parsed>true</parsed>
<columns itemClass="oracle.dbtools.crest.model.design.relational.Column">
<Column name="job_no" id="923E1AB2-4305-86C0-B710-AED0D96FF537">
<createdBy>Raveen Pieris</createdBy>
<createdTime>2025-09-11 04:46:52 UTC</createdTime>
<generatorID>085250E2-1DAE-C16A-29D4-81C1E0FF3263</generatorID>
<ownerDesignName>brm_logical_A1_T3</ownerDesignName>
<useDomainConstraints>false</useDomainConstraints>
<use>1</use>
<logicalDatatype>LOGDT024</logicalDatatype>
<dataTypeSize>10</dataTypeSize>
<ownDataTypeParameters>10,,</ownDataTypeParameters>
<autoIncrementCycle>false</autoIncrementCycle>
</Column>
<Column name="pickup_dt" id="DEE503AE-F4DF-F9C4-34A3-0AA247AC1EBF">
<createdBy>Raveen Pieris</createdBy>
<createdTime>2025-09-11 04:46:52 UTC</createdTime>
<generatorID>D2E465EA-6C3B-761E-62CF-30552888E760</generatorID>
<ownerDesignName>brm_logical_A1_T3</ownerDesignName>
<useDomainConstraints>false</useDomainConstraints>
<use>1</use>
<logicalDatatype>LOGDT007</logicalDatatype>
<ownDataTypeParameters>,,</ownDataTypeParameters>
<autoIncrementCycle>false</autoIncrementCycle>
</Column>
<Column name="int_drop_dt" id="2F39F330-331D-11A4-DA4A-983934870ECC">
<createdBy>Raveen Pieris</createdBy>
<createdTime>2025-09-11 04:46:52 UTC</createdTime>
<generatorID>EEE86321-17B1-CC92-D2CF-7ED5AFA34E40</generatorID>
<ownerDesignName>brm_logical_A1_T3</ownerDesignName>
<useDomainConstraints>false</useDomainConstraints>
<use>1</use>
<logicalDatatype>LOGDT007</logicalDatatype>
<ownDataTypeParameters>,,</ownDataTypeParameters>
<autoIncrementCycle>false</autoIncrementCycle>
</Column>
<Column name="paid_flag" id="8D9BB3AD-A674-7CE8-5FC7-26428A30559A">
<createdBy>Raveen Pieris</createdBy>
<createdTime>2025-09-11 04:46:52 UTC</createdTime>
<commentInRDBMS><![CDATA[Y- Customer Paid, N- Customer No Paid]]></commentInRDBMS>
<generatorID>718B23C1-DA0C-3BFD-B4F2-78D0A9D3D6FC</generatorID>
<ownerDesignName>brm_logical_A1_T3</ownerDesignName>
<constraintName>check_paid_flag</constraintName>
<useDomainConstraints>false</useDomainConstraints>
<use>1</use>
<logicalDatatype>LOGDT025</logicalDatatype>
<dataTypeSize>2</dataTypeSize>
<listOfValues>
<valueDef value="N" description="No cutomer not paid"/>
<valueDef value="Y" description="Yes customer paid"/>
</listOfValues>
<ownDataTypeParameters>2,,</ownDataTypeParameters>
<autoIncrementCycle>false</autoIncrementCycle>
</Column>
<Column name="job_cost" id="6175371E-1B03-3357-491B-BC91A79C7B37">
<createdBy>Raveen Pieris</createdBy>
<createdTime>2025-09-11 04:46:52 UTC</createdTime>
<generatorID>621C8D9A-433D-3DD5-C74C-AF34F9D046C8</generatorID>
<ownerDesignName>brm_logical_A1_T3</ownerDesignName>
<useDomainConstraints>false</useDomainConstraints>
<use>1</use>
<logicalDatatype>LOGDT019</logicalDatatype>
<dataTypePrecision>10</dataTypePrecision>
<ownDataTypeParameters>,10,</ownDataTypeParameters>
<autoIncrementCycle>false</autoIncrementCycle>
</Column>
<Column name="comb_code" id="68BCF9A1-B5E0-DA1A-91C2-8E2E91A2B4C8">
<createdBy>Raveen Pieris</createdBy>
<createdTime>2025-09-11 04:46:52 UTC</createdTime>
<generatorID>3E26E3BD-46F1-9564-C123-81CE7448C9C4</generatorID>
<ownerDesignName>brm_logical_A1_T3</ownerDesignName>
<useDomainConstraints>false</useDomainConstraints>
<use>1</use>
<logicalDatatype>LOGDT024</logicalDatatype>
<dataTypeSize>12</dataTypeSize>
<ownDataTypeParameters>,,</ownDataTypeParameters>
<previousColumn>false</previousColumn>
<autoIncrementCycle>false</autoIncrementCycle>
<associations>
<colAssociation fkAssociation="85A64BCC-A898-554B-2D91-6E86F19FFEC3" referredColumn="B989FFCE-6B3D-D7D3-3BFE-EAD66BD5D4F6"/>
</associations>
</Column>
<Column name="quote_no" id="C5E7C728-5233-0EC3-4F3E-372503C17984">
<createdBy>Raveen Pieris</createdBy>
<createdTime>2025-09-11 04:46:52 UTC</createdTime>
<generatorID>FC6AFA35-CDE9-5038-5F55-DD64B36D2716</generatorID>
<ownerDesignName>brm_logical_A1_T3</ownerDesignName>
<useDomainConstraints>false</useDomainConstraints>
<use>1</use>
<logicalDatatype>LOGDT019</logicalDatatype>
<dataTypePrecision>6</dataTypePrecision>
<ownDataTypeParameters>,,</ownDataTypeParameters>
<previousColumn>false</previousColumn>
<autoIncrementCycle>false</autoIncrementCycle>
<associations>
<colAssociation fkAssociation="FCDE443C-D303-7E84-33A5-FB545CE46509" referredColumn="F8E22A3F-BA8B-B544-378A-096DA386ADD8"/>
</associations>
</Column>
<Column name="emp_no" id="40ABCCE4-97F8-1E2A-8323-26A64A888862">
<createdBy>Raveen Pieris</createdBy>
<createdTime>2025-09-11 04:46:52 UTC</createdTime>
<generatorID>7F034812-37E1-16F7-C1FD-0A2C07591119</generatorID>
<ownerDesignName>brm_logical_A1_T3</ownerDesignName>
<useDomainConstraints>false</useDomainConstraints>
<use>1</use>
<logicalDatatype>LOGDT019</logicalDatatype>
<dataTypePrecision>6</dataTypePrecision>
<ownDataTypeParameters>,,</ownDataTypeParameters>
<previousColumn>false</previousColumn>
<autoIncrementCycle>false</autoIncrementCycle>
<associations>
<colAssociation fkAssociation="42139336-1FD6-C11C-5284-A335D321E4F1" referredColumn="95083F70-3EC3-17BA-524F-3BDDA1248861"/>
</associations>
</Column>
</columns>
<indexes itemClass="oracle.dbtools.crest.model.design.relational.Index">
<ind_PK_UK id="2289FDE1-0CBF-0BD0-154C-7FC3F338A255" name="JOB_PK">
<createdBy>Raveen Pieris</createdBy>
<createdTime>2025-09-11 04:46:52 UTC</createdTime>
<generatorID>080CCF57-1E61-D5A0-5D91-D07C818B594C</generatorID>
<ownerDesignName>brm_logical_A1_T3</ownerDesignName>
<pk>true</pk>
<indexState>Primary Constraint</indexState>
<isSurrogateKey>false</isSurrogateKey>
<indexColumnUsage>
<colUsage columnID="923E1AB2-4305-86C0-B710-AED0D96FF537"/>
</indexColumnUsage>
</ind_PK_UK>
<ind_PK_UK id="8358E125-6996-5F1B-8B0D-D50A882A38B0" name="JOB__IDX">
<createdBy>Raveen Pieris</createdBy>
<createdTime>2025-09-11 04:46:52 UTC</createdTime>
<ownerDesignName>brm_logical_A1_T3</ownerDesignName>
<indexState>Unique Plain Index</indexState>
<isSurrogateKey>false</isSurrogateKey>
<relationGeneratorID>A954C8B6-4864-BAC6-0723-610F2C1B90DF</relationGeneratorID>
<indexColumnUsage>
<colUsage columnID="C5E7C728-5233-0EC3-4F3E-372503C17984"/>
</indexColumnUsage>
</ind_PK_UK>
<ind_PK_UK id="20F93A87-7AA8-D609-D08D-8CDD2E338CEE" name="COMBINATIONS_JOB">
<createdBy>Raveen Pieris</createdBy>
<createdTime>2025-09-11 04:46:52 UTC</createdTime>
<generatorID>283B8142-07E2-2ED4-9483-5FDCC3CA81EF</generatorID>
<ownerDesignName>brm_logical_A1_T3</ownerDesignName>
<indexState>Foreign Key</indexState>
<isSurrogateKey>false</isSurrogateKey>
<indexColumnUsage>
<colUsage columnID="68BCF9A1-B5E0-DA1A-91C2-8E2E91A2B4C8"/>
</indexColumnUsage>
</ind_PK_UK>
<ind_PK_UK id="FAF958A0-8467-8870-15FF-37E620079DC9" name="QUOTE_JOB">
<createdBy>Raveen Pieris</createdBy>
<createdTime>2025-09-11 04:46:52 UTC</createdTime>
<generatorID>A954C8B6-4864-BAC6-0723-610F2C1B90DF</generatorID>
<ownerDesignName>brm_logical_A1_T3</ownerDesignName>
<indexState>Foreign Key</indexState>
<isSurrogateKey>false</isSurrogateKey>
<indexColumnUsage>
<colUsage columnID="C5E7C728-5233-0EC3-4F3E-372503C17984"/>
</indexColumnUsage>
</ind_PK_UK>
<ind_PK_UK id="42535A04-71EA-18CF-09DD-D6E432AF99FA" name="Relation_33">
<createdBy>Raveen Pieris</createdBy>
<createdTime>2025-09-11 04:46:52 UTC</createdTime>
<generatorID>677DEE39-8ECC-2800-67DC-46EA9C8B93E4</generatorID>
<ownerDesignName>brm_logical_A1_T3</ownerDesignName>
<indexState>Foreign Key</indexState>
<isSurrogateKey>false</isSurrogateKey>
<indexColumnUsage>
<colUsage columnID="40ABCCE4-97F8-1E2A-8323-26A64A888862"/>
</indexColumnUsage>
</ind_PK_UK>
</indexes>
</Table>
