<?xml version = '1.0' encoding = 'UTF-8'?>
<Table class="oracle.dbtools.crest.model.design.relational.Table" directorySegmentName="seg_0" id="F00D287D-6F06-00DE-91C9-265975088C48" name="JOBCERT">
<createdBy>Raveen Pieris</createdBy>
<createdTime>2025-09-11 04:46:52 UTC</createdTime>
<generatorID>A639B9F7-75C8-83BD-5105-462A7B515C91</generatorID>
<ownerDesignName>brm_logical_A1_T3</ownerDesignName>
<allowColumnReorder>false</allowColumnReorder>
<existDependencyGenerateInDDl>true</existDependencyGenerateInDDl>
<parsed>true</parsed>
<columns itemClass="oracle.dbtools.crest.model.design.relational.Column">
<Column name="jobcert_id" id="AD9F6902-314C-8B9C-A69F-6527C4566C69">
<createdBy>Raveen Pieris</createdBy>
<createdTime>2025-09-11 04:46:52 UTC</createdTime>
<generatorID>DFC4FA0A-3083-7473-2B03-A57EFAAB6DD1</generatorID>
<ownerDesignName>brm_logical_A1_T3</ownerDesignName>
<useDomainConstraints>false</useDomainConstraints>
<use>1</use>
<logicalDatatype>LOGDT019</logicalDatatype>
<dataTypePrecision>6</dataTypePrecision>
<ownDataTypeParameters>,6,</ownDataTypeParameters>
<autoIncrementCycle>false</autoIncrementCycle>
</Column>
<Column name="job_no" id="8CE0C06F-914E-C7EB-D5A8-BABF3EBFA76E">
<createdBy>Raveen Pieris</createdBy>
<createdTime>2025-09-11 04:46:52 UTC</createdTime>
<generatorID>00F3D795-CAC2-ABD4-2F36-35CD568DF1DB</generatorID>
<ownerDesignName>brm_logical_A1_T3</ownerDesignName>
<useDomainConstraints>false</useDomainConstraints>
<use>1</use>
<logicalDatatype>LOGDT024</logicalDatatype>
<dataTypeSize>10</dataTypeSize>
<ownDataTypeParameters>,,</ownDataTypeParameters>
<previousColumn>false</previousColumn>
<autoIncrementCycle>false</autoIncrementCycle>
<associations>
<colAssociation fkAssociation="3DB69BF1-D5BA-4E65-79BF-027F5638B85B" referredColumn="923E1AB2-4305-86C0-B710-AED0D96FF537"/>
</associations>
</Column>
<Column name="emp_no" id="25D612D1-8C70-FC69-A748-75ADF25EA56D">
<createdBy>Raveen Pieris</createdBy>
<createdTime>2025-09-11 04:46:52 UTC</createdTime>
<generatorID>0EEDC9CB-55BE-1D1B-1202-54DA9331DECE</generatorID>
<ownerDesignName>brm_logical_A1_T3</ownerDesignName>
<useDomainConstraints>false</useDomainConstraints>
<use>1</use>
<logicalDatatype>LOGDT019</logicalDatatype>
<dataTypePrecision>6</dataTypePrecision>
<ownDataTypeParameters>,,</ownDataTypeParameters>
<previousColumn>false</previousColumn>
<autoIncrementCycle>false</autoIncrementCycle>
<associations>
<colAssociation fkAssociation="EE7CB646-3C2B-B1BA-527D-0EA2C6F4931F" referredColumn="95083F70-3EC3-17BA-524F-3BDDA1248861"/>
</associations>
</Column>
</columns>
<indexes itemClass="oracle.dbtools.crest.model.design.relational.Index">
<ind_PK_UK id="5B534B2D-D4A7-9E07-9345-A6283A9EE7EA" name="JOBCERT_PK">
<createdBy>Raveen Pieris</createdBy>
<createdTime>2025-09-11 04:46:52 UTC</createdTime>
<generatorID>01BC405E-F5F0-6043-B6CA-B309825B210C</generatorID>
<ownerDesignName>brm_logical_A1_T3</ownerDesignName>
<pk>true</pk>
<indexState>Primary Constraint</indexState>
<isSurrogateKey>false</isSurrogateKey>
<indexColumnUsage>
<colUsage columnID="AD9F6902-314C-8B9C-A69F-6527C4566C69"/>
</indexColumnUsage>
</ind_PK_UK>
<ind_PK_UK id="2BD4DAA8-6B36-0C03-D59D-A626B5CBC8D6" name="Key_2">
<createdBy>Raveen Pieris</createdBy>
<createdTime>2025-09-11 04:46:52 UTC</createdTime>
<generatorID>44DEFB22-E2D8-04BF-0A11-0C8DC965B2B6</generatorID>
<ownerDesignName>brm_logical_A1_T3</ownerDesignName>
<indexState>Unique Constraint</indexState>
<isSurrogateKey>false</isSurrogateKey>
<indexColumnUsage>
<colUsage columnID="8CE0C06F-914E-C7EB-D5A8-BABF3EBFA76E"/>
</indexColumnUsage>
</ind_PK_UK>
<ind_PK_UK id="214A8CF1-249F-54C9-200A-829601DD5EA8" name="JOB_JOB_CERT">
<createdBy>Raveen Pieris</createdBy>
<createdTime>2025-09-11 04:46:52 UTC</createdTime>
<generatorID>1CFF3CC5-7CB2-909F-B23E-C69782F5C289</generatorID>
<ownerDesignName>brm_logical_A1_T3</ownerDesignName>
<indexState>Foreign Key</indexState>
<isSurrogateKey>false</isSurrogateKey>
<indexColumnUsage>
<colUsage columnID="8CE0C06F-914E-C7EB-D5A8-BABF3EBFA76E"/>
</indexColumnUsage>
</ind_PK_UK>
<ind_PK_UK id="F7ACB6D7-8A54-DA00-461E-F113B526811A" name="Relation_35">
<createdBy>Raveen Pieris</createdBy>
<createdTime>2025-09-11 04:46:52 UTC</createdTime>
<generatorID>8680AB9B-214B-D2E5-D592-177D1E5966BD</generatorID>
<ownerDesignName>brm_logical_A1_T3</ownerDesignName>
<indexState>Foreign Key</indexState>
<isSurrogateKey>false</isSurrogateKey>
<indexColumnUsage>
<colUsage columnID="25D612D1-8C70-FC69-A748-75ADF25EA56D"/>
</indexColumnUsage>
</ind_PK_UK>
</indexes>
</Table>
