<?xml version = '1.0' encoding = 'UTF-8'?>
<Table class="oracle.dbtools.crest.model.design.relational.Table" directorySegmentName="seg_0" id="F5D7E972-13D7-775F-7621-683FA5E57F84" name="QUOTE">
<createdBy>Raveen Pieris</createdBy>
<createdTime>2025-09-11 04:46:52 UTC</createdTime>
<generatorID>920141E3-757C-B148-3981-CAE0FE93D9EF</generatorID>
<ownerDesignName>brm_logical_A1_T3</ownerDesignName>
<allowColumnReorder>false</allowColumnReorder>
<existDependencyGenerateInDDl>true</existDependencyGenerateInDDl>
<parsed>true</parsed>
<columns itemClass="oracle.dbtools.crest.model.design.relational.Column">
<Column name="quote_no" id="F8E22A3F-BA8B-B544-378A-096DA386ADD8">
<createdBy>Raveen Pieris</createdBy>
<createdTime>2025-09-11 04:46:52 UTC</createdTime>
<generatorID>FCE33C25-659B-1560-A736-D5293CCC075B</generatorID>
<ownerDesignName>brm_logical_A1_T3</ownerDesignName>
<useDomainConstraints>false</useDomainConstraints>
<use>1</use>
<logicalDatatype>LOGDT019</logicalDatatype>
<dataTypePrecision>6</dataTypePrecision>
<ownDataTypeParameters>,6,</ownDataTypeParameters>
<autoIncrementCycle>false</autoIncrementCycle>
</Column>
<Column name="prepared_dt" id="DA7BBEBB-B4E5-6E5C-A2F2-124A64A3C687">
<createdBy>Raveen Pieris</createdBy>
<createdTime>2025-09-11 04:46:52 UTC</createdTime>
<generatorID>8DC2A18B-9B15-920D-9967-A49FC81B94F0</generatorID>
<ownerDesignName>brm_logical_A1_T3</ownerDesignName>
<useDomainConstraints>false</useDomainConstraints>
<use>1</use>
<logicalDatatype>LOGDT007</logicalDatatype>
<ownDataTypeParameters>,,</ownDataTypeParameters>
<autoIncrementCycle>false</autoIncrementCycle>
</Column>
<Column name="prefer_start_dt" id="CA59EF6E-76DB-D951-7AA1-F0C81C8834D9">
<createdBy>Raveen Pieris</createdBy>
<createdTime>2025-09-11 04:46:52 UTC</createdTime>
<generatorID>04C143EA-0CF3-6455-75F5-0AADFCBC7DAA</generatorID>
<ownerDesignName>brm_logical_A1_T3</ownerDesignName>
<useDomainConstraints>false</useDomainConstraints>
<use>1</use>
<logicalDatatype>LOGDT007</logicalDatatype>
<ownDataTypeParameters>,,</ownDataTypeParameters>
<autoIncrementCycle>false</autoIncrementCycle>
</Column>
<Column name="pickup_location" id="6290A346-5DD4-A007-5243-E69FD059F2D0">
<createdBy>Raveen Pieris</createdBy>
<createdTime>2025-09-11 04:46:52 UTC</createdTime>
<generatorID>47BB230F-D042-52E3-EE83-630419F9DF9E</generatorID>
<ownerDesignName>brm_logical_A1_T3</ownerDesignName>
<useDomainConstraints>false</useDomainConstraints>
<use>1</use>
<logicalDatatype>LOGDT024</logicalDatatype>
<dataTypeSize>200</dataTypeSize>
<ownDataTypeParameters>200,,</ownDataTypeParameters>
<autoIncrementCycle>false</autoIncrementCycle>
</Column>
<Column name="dropof_location" id="63A11498-9FF9-A204-A960-B372148FC308">
<createdBy>Raveen Pieris</createdBy>
<createdTime>2025-09-11 04:46:52 UTC</createdTime>
<generatorID>2A9B1077-A65F-42A0-3D5C-6882332F1D17</generatorID>
<ownerDesignName>brm_logical_A1_T3</ownerDesignName>
<useDomainConstraints>false</useDomainConstraints>
<use>1</use>
<logicalDatatype>LOGDT024</logicalDatatype>
<dataTypeSize>200</dataTypeSize>
<ownDataTypeParameters>200,,</ownDataTypeParameters>
<autoIncrementCycle>false</autoIncrementCycle>
</Column>
<Column name="quote_cost" id="E980157D-48BA-C742-6665-1FB72F5C2E7F">
<createdBy>Raveen Pieris</createdBy>
<createdTime>2025-09-11 04:46:52 UTC</createdTime>
<generatorID>8E8B279B-563B-133B-7F29-F042DF6399A1</generatorID>
<ownerDesignName>brm_logical_A1_T3</ownerDesignName>
<useDomainConstraints>false</useDomainConstraints>
<use>1</use>
<logicalDatatype>LOGDT019</logicalDatatype>
<dataTypePrecision>10</dataTypePrecision>
<dataTypeScale>2</dataTypeScale>
<ownDataTypeParameters>,10,2</ownDataTypeParameters>
<autoIncrementCycle>false</autoIncrementCycle>
</Column>
<Column name="cust_no" id="C51D383E-7ACD-DB1D-6C6E-BCF3EF1D5A8C">
<createdBy>Raveen Pieris</createdBy>
<createdTime>2025-09-11 04:46:52 UTC</createdTime>
<generatorID>A5C311B5-5143-CC25-2E89-FD5A6F375173</generatorID>
<ownerDesignName>brm_logical_A1_T3</ownerDesignName>
<useDomainConstraints>false</useDomainConstraints>
<use>1</use>
<logicalDatatype>LOGDT019</logicalDatatype>
<dataTypePrecision>6</dataTypePrecision>
<ownDataTypeParameters>,,</ownDataTypeParameters>
<previousColumn>false</previousColumn>
<autoIncrementCycle>false</autoIncrementCycle>
<associations>
<colAssociation fkAssociation="EA577957-415B-64E3-2EF5-EC02F248969C" referredColumn="F24C5C03-CECF-156C-A4B0-20A950545A28"/>
</associations>
</Column>
<Column name="purp_no" id="0A70BEB2-CB16-5884-863D-893AAB30FDA0">
<createdBy>Raveen Pieris</createdBy>
<createdTime>2025-09-11 04:46:52 UTC</createdTime>
<generatorID>068245C0-740C-7AE1-45DA-FD1EB2935B57</generatorID>
<ownerDesignName>brm_logical_A1_T3</ownerDesignName>
<useDomainConstraints>false</useDomainConstraints>
<use>1</use>
<logicalDatatype>LOGDT019</logicalDatatype>
<dataTypePrecision>6</dataTypePrecision>
<ownDataTypeParameters>,,</ownDataTypeParameters>
<previousColumn>false</previousColumn>
<autoIncrementCycle>false</autoIncrementCycle>
<associations>
<colAssociation fkAssociation="FE632768-9F24-A1F6-614C-BE3082E94965" referredColumn="8E5445F2-A476-4CAC-3D33-0D1FBA8E38E5"/>
</associations>
</Column>
<Column name="emp_no" id="5B082C2F-CB54-15EA-64F7-9359D8E0F989">
<createdBy>Raveen Pieris</createdBy>
<createdTime>2025-09-11 04:46:52 UTC</createdTime>
<generatorID>65B73AE1-661C-BADF-66A2-1A8E977D80F8</generatorID>
<ownerDesignName>brm_logical_A1_T3</ownerDesignName>
<useDomainConstraints>false</useDomainConstraints>
<use>1</use>
<logicalDatatype>LOGDT019</logicalDatatype>
<dataTypePrecision>6</dataTypePrecision>
<ownDataTypeParameters>,,</ownDataTypeParameters>
<previousColumn>false</previousColumn>
<autoIncrementCycle>false</autoIncrementCycle>
<associations>
<colAssociation fkAssociation="581BD9D3-3DAE-5558-213D-839129C805EE" referredColumn="95083F70-3EC3-17BA-524F-3BDDA1248861"/>
</associations>
</Column>
</columns>
<indexes itemClass="oracle.dbtools.crest.model.design.relational.Index">
<ind_PK_UK id="7B90869B-9177-DC06-A926-F45C29656E27" name="QUOTE_PK">
<createdBy>Raveen Pieris</createdBy>
<createdTime>2025-09-11 04:46:52 UTC</createdTime>
<generatorID>7A2AFCF0-A974-BEA7-BBCA-CDB4337A7998</generatorID>
<ownerDesignName>brm_logical_A1_T3</ownerDesignName>
<pk>true</pk>
<indexState>Primary Constraint</indexState>
<isSurrogateKey>false</isSurrogateKey>
<indexColumnUsage>
<colUsage columnID="F8E22A3F-BA8B-B544-378A-096DA386ADD8"/>
</indexColumnUsage>
</ind_PK_UK>
<ind_PK_UK id="0EE4CB68-7384-CF1C-BCCF-A34FA0DB4DF5" name="purpose_quote">
<createdBy>Raveen Pieris</createdBy>
<createdTime>2025-09-11 04:46:52 UTC</createdTime>
<generatorID>27921CC6-487A-CAAF-93A8-6BE0FB9F8049</generatorID>
<ownerDesignName>brm_logical_A1_T3</ownerDesignName>
<indexState>Foreign Key</indexState>
<isSurrogateKey>false</isSurrogateKey>
<indexColumnUsage>
<colUsage columnID="0A70BEB2-CB16-5884-863D-893AAB30FDA0"/>
</indexColumnUsage>
</ind_PK_UK>
<ind_PK_UK id="A71880EF-DA49-259E-86B5-661BDD5A9DA1" name="Relation_34">
<createdBy>Raveen Pieris</createdBy>
<createdTime>2025-09-11 04:46:52 UTC</createdTime>
<generatorID>F83EB168-6C08-8D0B-7BD5-25A55F4B05ED</generatorID>
<ownerDesignName>brm_logical_A1_T3</ownerDesignName>
<indexState>Foreign Key</indexState>
<isSurrogateKey>false</isSurrogateKey>
<indexColumnUsage>
<colUsage columnID="5B082C2F-CB54-15EA-64F7-9359D8E0F989"/>
</indexColumnUsage>
</ind_PK_UK>
<ind_PK_UK id="066658AB-B0C3-9082-C8E4-E9DEF8E31DD0" name="requests">
<createdBy>Raveen Pieris</createdBy>
<createdTime>2025-09-11 04:46:52 UTC</createdTime>
<generatorID>487B8D8A-42A3-A93B-E510-61954BBB70BD</generatorID>
<ownerDesignName>brm_logical_A1_T3</ownerDesignName>
<indexState>Foreign Key</indexState>
<isSurrogateKey>false</isSurrogateKey>
<indexColumnUsage>
<colUsage columnID="C51D383E-7ACD-DB1D-6C6E-BCF3EF1D5A8C"/>
</indexColumnUsage>
</ind_PK_UK>
</indexes>
</Table>
